decision_hash,symbol,target_id,target_pct,target_price,touched,first_touch_ts,first_touch_session
b01697422c4e1b40fcb164258f16e2223d98e2ab6c398727753c6644318e6ede,BPCL,I030,0.3,451.05,True,2023-12-22T09:15:00+05:30,2023-12-22
b01697422c4e1b40fcb164258f16e2223d98e2ab6c398727753c6644318e6ede,BPCL,I050,0.5,451.95,False,,
b01697422c4e1b40fcb164258f16e2223d98e2ab6c398727753c6644318e6ede,BPCL,I070,0.7,452.85,False,,
b01697422c4e1b40fcb164258f16e2223d98e2ab6c398727753c6644318e6ede,BPCL,S100,1.0,454.2,False,,
b01697422c4e1b40fcb164258f16e2223d98e2ab6c398727753c6644318e6ede,BPCL,S200,2.0,458.7,False,,
b01697422c4e1b40fcb164258f16e2223d98e2ab6c398727753c6644318e6ede,BPCL,S500,5.0,472.2,False,,
a7110cdd5a9d4212bf65a7d0a5c41f00caa364621280ef622e86ad747d9966b1,PFC,I030,0.3,396.2,False,,
a7110cdd5a9d4212bf65a7d0a5c41f00caa364621280ef622e86ad747d9966b1,PFC,I050,0.5,397.0,False,,
a7110cdd5a9d4212bf65a7d0a5c41f00caa364621280ef622e86ad747d9966b1,PFC,I070,0.7,397.8,False,,
a7110cdd5a9d4212bf65a7d0a5c41f00caa364621280ef622e86ad747d9966b1,PFC,S100,1.0,398.95,True,2024-01-03T11:42:00+05:30,2024-01-03
a7110cdd5a9d4212bf65a7d0a5c41f00caa364621280ef622e86ad747d9966b1,PFC,S200,2.0,402.9,False,,
a7110cdd5a9d4212bf65a7d0a5c41f00caa364621280ef622e86ad747d9966b1,PFC,S500,5.0,414.75,False,,
0f802da7505bd550296deb7c1094753d0fc780ce2e03775e8d823889fcb97a4e,WIPRO,I030,0.3,513.5,True,2024-01-15T09:30:00+05:30,2024-01-15
0f802da7505bd550296deb7c1094753d0fc780ce2e03775e8d823889fcb97a4e,WIPRO,I050,0.5,514.55,True,2024-01-15T09:30:00+05:30,2024-01-15
0f802da7505bd550296deb7c1094753d0fc780ce2e03775e8d823889fcb97a4e,WIPRO,I070,0.7,515.55,True,2024-01-15T09:30:00+05:30,2024-01-15
0f802da7505bd550296deb7c1094753d0fc780ce2e03775e8d823889fcb97a4e,WIPRO,S100,1.0,517.1,False,,
0f802da7505bd550296deb7c1094753d0fc780ce2e03775e8d823889fcb97a4e,WIPRO,S200,2.0,522.2,False,,
0f802da7505bd550296deb7c1094753d0fc780ce2e03775e8d823889fcb97a4e,WIPRO,S500,5.0,537.55,False,,
118898d2a61e6ed87c85f331a838ddbf4c16b3ecf78681a8afd6c0012323ebc0,COALINDIA,I030,0.3,387.7,True,2024-01-20T09:36:00+05:30,2024-01-20
118898d2a61e6ed87c85f331a838ddbf4c16b3ecf78681a8afd6c0012323ebc0,COALINDIA,I050,0.5,388.45,False,,
118898d2a61e6ed87c85f331a838ddbf4c16b3ecf78681a8afd6c0012323ebc0,COALINDIA,I070,0.7,389.25,False,,
118898d2a61e6ed87c85f331a838ddbf4c16b3ecf78681a8afd6c0012323ebc0,COALINDIA,S100,1.0,390.4,False,,
118898d2a61e6ed87c85f331a838ddbf4c16b3ecf78681a8afd6c0012323ebc0,COALINDIA,S200,2.0,394.25,False,,
118898d2a61e6ed87c85f331a838ddbf4c16b3ecf78681a8afd6c0012323ebc0,COALINDIA,S500,5.0,405.85,False,,
a4e9dc532062da9e06ec9ef01ec6edc3ff632cd0ee32c403db10bddf620b4160,RELIANCE,I030,0.3,2694.0,True,2024-01-25T09:28:00+05:30,2024-01-25
a4e9dc532062da9e06ec9ef01ec6edc3ff632cd0ee32c403db10bddf620b4160,RELIANCE,I050,0.5,2699.35,False,,
a4e9dc532062da9e06ec9ef01ec6edc3ff632cd0ee32c403db10bddf620b4160,RELIANCE,I070,0.7,2704.75,False,,
a4e9dc532062da9e06ec9ef01ec6edc3ff632cd0ee32c403db10bddf620b4160,RELIANCE,S100,1.0,2712.8,False,,
a4e9dc532062da9e06ec9ef01ec6edc3ff632cd0ee32c403db10bddf620b4160,RELIANCE,S200,2.0,2739.65,False,,
a4e9dc532062da9e06ec9ef01ec6edc3ff632cd0ee32c403db10bddf620b4160,RELIANCE,S500,5.0,2820.2,False,,
410a0248815c5f8f01aaa883290f12368d79b83b5657fe4d4ac690fabd60c1d9,NTPC,I030,0.3,318.8,True,2024-01-29T09:33:00+05:30,2024-01-29
410a0248815c5f8f01aaa883290f12368d79b83b5657fe4d4ac690fabd60c1d9,NTPC,I050,0.5,319.4,False,,
410a0248815c5f8f01aaa883290f12368d79b83b5657fe4d4ac690fabd60c1d9,NTPC,I070,0.7,320.05,False,,
410a0248815c5f8f01aaa883290f12368d79b83b5657fe4d4ac690fabd60c1d9,NTPC,S100,1.0,321.0,False,,
410a0248815c5f8f01aaa883290f12368d79b83b5657fe4d4ac690fabd60c1d9,NTPC,S200,2.0,324.2,False,,
410a0248815c5f8f01aaa883290f12368d79b83b5657fe4d4ac690fabd60c1d9,NTPC,S500,5.0,333.7,False,,
f589dd5cad38f0f3b378d6f04d7a9f27bdb5c2a177c024e17f90b2e7c3c4829d,COALINDIA,I030,0.3,449.35,True,2024-02-23T09:15:00+05:30,2024-02-23
f589dd5cad38f0f3b378d6f04d7a9f27bdb5c2a177c024e17f90b2e7c3c4829d,COALINDIA,I050,0.5,450.25,False,,
f589dd5cad38f0f3b378d6f04d7a9f27bdb5c2a177c024e17f90b2e7c3c4829d,COALINDIA,I070,0.7,451.15,False,,
f589dd5cad38f0f3b378d6f04d7a9f27bdb5c2a177c024e17f90b2e7c3c4829d,COALINDIA,S100,1.0,452.5,False,,
f589dd5cad38f0f3b378d6f04d7a9f27bdb5c2a177c024e17f90b2e7c3c4829d,COALINDIA,S200,2.0,457.0,False,,
f589dd5cad38f0f3b378d6f04d7a9f27bdb5c2a177c024e17f90b2e7c3c4829d,COALINDIA,S500,5.0,470.4,False,,
6ff2fe5bce7d28d891c593cbd9261c30bb3a15495fd0fac4076abef24f21c3cc,INDIGO,I030,0.3,3164.9,True,2024-03-01T15:00:00+05:30,2024-03-01
6ff2fe5bce7d28d891c593cbd9261c30bb3a15495fd0fac4076abef24f21c3cc,INDIGO,I050,0.5,3171.2,False,,
6ff2fe5bce7d28d891c593cbd9261c30bb3a15495fd0fac4076abef24f21c3cc,INDIGO,I070,0.7,3177.5,False,,
6ff2fe5bce7d28d891c593cbd9261c30bb3a15495fd0fac4076abef24f21c3cc,INDIGO,S100,1.0,3187.0,False,,
6ff2fe5bce7d28d891c593cbd9261c30bb3a15495fd0fac4076abef24f21c3cc,INDIGO,S200,2.0,3218.55,False,,
6ff2fe5bce7d28d891c593cbd9261c30bb3a15495fd0fac4076abef24f21c3cc,INDIGO,S500,5.0,3313.2,False,,
b3ecdf55b67d8c8c2e9dbcae22a2a54620322a6704959bc878c5786316013c0a,HAL,I030,0.3,3174.45,True,2024-03-15T09:19:00+05:30,2024-03-15
b3ecdf55b67d8c8c2e9dbcae22a2a54620322a6704959bc878c5786316013c0a,HAL,I050,0.5,3180.8,True,2024-03-15T09:19:00+05:30,2024-03-15
b3ecdf55b67d8c8c2e9dbcae22a2a54620322a6704959bc878c5786316013c0a,HAL,I070,0.7,3187.15,False,,
b3ecdf55b67d8c8c2e9dbcae22a2a54620322a6704959bc878c5786316013c0a,HAL,S100,1.0,3196.6,False,,
b3ecdf55b67d8c8c2e9dbcae22a2a54620322a6704959bc878c5786316013c0a,HAL,S200,2.0,3228.25,False,,
b3ecdf55b67d8c8c2e9dbcae22a2a54620322a6704959bc878c5786316013c0a,HAL,S500,5.0,3323.2,False,,
362c3017ba6f2c166aaf8afa4b3db46d0212f92b3b19c492f4c838b83c30f305,ADANIPOWER,I030,0.3,619.9,True,2024-05-02T09:18:00+05:30,2024-05-02
362c3017ba6f2c166aaf8afa4b3db46d0212f92b3b19c492f4c838b83c30f305,ADANIPOWER,I050,0.5,621.1,True,2024-05-02T09:18:00+05:30,2024-05-02
362c3017ba6f2c166aaf8afa4b3db46d0212f92b3b19c492f4c838b83c30f305,ADANIPOWER,I070,0.7,622.35,True,2024-05-02T09:18:00+05:30,2024-05-02
362c3017ba6f2c166aaf8afa4b3db46d0212f92b3b19c492f4c838b83c30f305,ADANIPOWER,S100,1.0,624.2,False,,
362c3017ba6f2c166aaf8afa4b3db46d0212f92b3b19c492f4c838b83c30f305,ADANIPOWER,S200,2.0,630.4,False,,
362c3017ba6f2c166aaf8afa4b3db46d0212f92b3b19c492f4c838b83c30f305,ADANIPOWER,S500,5.0,648.9,False,,
0b43a41acb394843642d6fdf99083b5e55b24737ec03d40d2344accb060b4250,VEDL,I030,0.3,473.45,False,,
0b43a41acb394843642d6fdf99083b5e55b24737ec03d40d2344accb060b4250,VEDL,I050,0.5,474.4,False,,
0b43a41acb394843642d6fdf99083b5e55b24737ec03d40d2344accb060b4250,VEDL,I070,0.7,475.35,False,,
0b43a41acb394843642d6fdf99083b5e55b24737ec03d40d2344accb060b4250,VEDL,S100,1.0,476.75,True,2024-06-20T11:30:00+05:30,2024-06-20
0b43a41acb394843642d6fdf99083b5e55b24737ec03d40d2344accb060b4250,VEDL,S200,2.0,481.45,False,,
0b43a41acb394843642d6fdf99083b5e55b24737ec03d40d2344accb060b4250,VEDL,S500,5.0,495.6,False,,
4b091cacb0d438a95be273c473e1349f82ea8cebdc3e7d0e3c0b8ea5f3574006,BEL,I030,0.3,289.8,True,2024-06-10T09:16:00+05:30,2024-06-10
4b091cacb0d438a95be273c473e1349f82ea8cebdc3e7d0e3c0b8ea5f3574006,BEL,I050,0.5,290.35,True,2024-06-10T09:16:00+05:30,2024-06-10
4b091cacb0d438a95be273c473e1349f82ea8cebdc3e7d0e3c0b8ea5f3574006,BEL,I070,0.7,290.95,True,2024-06-10T09:16:00+05:30,2024-06-10
4b091cacb0d438a95be273c473e1349f82ea8cebdc3e7d0e3c0b8ea5f3574006,BEL,S100,1.0,291.8,False,,
4b091cacb0d438a95be273c473e1349f82ea8cebdc3e7d0e3c0b8ea5f3574006,BEL,S200,2.0,294.7,False,,
4b091cacb0d438a95be273c473e1349f82ea8cebdc3e7d0e3c0b8ea5f3574006,BEL,S500,5.0,303.35,False,,
2628e3fa06565a10bb4e6fe6ccc0362a54cb7358039a6f6bd1fd0993a301ff6d,HAL,I030,0.3,4814.4,True,2024-06-10T09:15:00+05:30,2024-06-10
2628e3fa06565a10bb4e6fe6ccc0362a54cb7358039a6f6bd1fd0993a301ff6d,HAL,I050,0.5,4824.0,True,2024-06-10T09:15:00+05:30,2024-06-10
2628e3fa06565a10bb4e6fe6ccc0362a54cb7358039a6f6bd1fd0993a301ff6d,HAL,I070,0.7,4833.6,True,2024-06-10T09:15:00+05:30,2024-06-10
2628e3fa06565a10bb4e6fe6ccc0362a54cb7358039a6f6bd1fd0993a301ff6d,HAL,S100,1.0,4848.0,False,,
2628e3fa06565a10bb4e6fe6ccc0362a54cb7358039a6f6bd1fd0993a301ff6d,HAL,S200,2.0,4896.0,False,,
2628e3fa06565a10bb4e6fe6ccc0362a54cb7358039a6f6bd1fd0993a301ff6d,HAL,S500,5.0,5040.0,False,,
70e376c0541b10e1c880d4f54dcd1b453d1c64c3856b5836860e7d5ee111e8e0,SHRIRAMFIN,I030,0.3,2895.6,True,2024-07-16T09:15:00+05:30,2024-07-16
70e376c0541b10e1c880d4f54dcd1b453d1c64c3856b5836860e7d5ee111e8e0,SHRIRAMFIN,I050,0.5,2901.35,False,,
70e376c0541b10e1c880d4f54dcd1b453d1c64c3856b5836860e7d5ee111e8e0,SHRIRAMFIN,I070,0.7,2907.15,False,,
70e376c0541b10e1c880d4f54dcd1b453d1c64c3856b5836860e7d5ee111e8e0,SHRIRAMFIN,S100,1.0,2915.8,False,,
70e376c0541b10e1c880d4f54dcd1b453d1c64c3856b5836860e7d5ee111e8e0,SHRIRAMFIN,S200,2.0,2944.65,False,,
70e376c0541b10e1c880d4f54dcd1b453d1c64c3856b5836860e7d5ee111e8e0,SHRIRAMFIN,S500,5.0,3031.25,False,,
4cf557f906deb02d2c8453eddf62fd32acf367179e4346b1b0b534fa6b036123,LODHA,I030,0.3,1399.2,True,2024-12-31T14:42:00+05:30,2024-12-31
4cf557f906deb02d2c8453eddf62fd32acf367179e4346b1b0b534fa6b036123,LODHA,I050,0.5,1402.0,False,,
4cf557f906deb02d2c8453eddf62fd32acf367179e4346b1b0b534fa6b036123,LODHA,I070,0.7,1404.8,False,,
4cf557f906deb02d2c8453eddf62fd32acf367179e4346b1b0b534fa6b036123,LODHA,S100,1.0,1408.95,False,,
4cf557f906deb02d2c8453eddf62fd32acf367179e4346b1b0b534fa6b036123,LODHA,S200,2.0,1422.9,False,,
4cf557f906deb02d2c8453eddf62fd32acf367179e4346b1b0b534fa6b036123,LODHA,S500,5.0,1464.75,False,,
bb995367373930865c5b18dd8ddecdd5e1918862e232eaba24dd8463584bb0ef,KOTAKBANK,I030,0.3,2151.45,False,,
bb995367373930865c5b18dd8ddecdd5e1918862e232eaba24dd8463584bb0ef,KOTAKBANK,I050,0.5,2155.75,False,,
bb995367373930865c5b18dd8ddecdd5e1918862e232eaba24dd8463584bb0ef,KOTAKBANK,I070,0.7,2160.05,False,,
bb995367373930865c5b18dd8ddecdd5e1918862e232eaba24dd8463584bb0ef,KOTAKBANK,S100,1.0,2166.45,True,2025-04-17T13:08:00+05:30,2025-04-17
bb995367373930865c5b18dd8ddecdd5e1918862e232eaba24dd8463584bb0ef,KOTAKBANK,S200,2.0,2187.9,False,,
bb995367373930865c5b18dd8ddecdd5e1918862e232eaba24dd8463584bb0ef,KOTAKBANK,S500,5.0,2252.25,False,,
4374bee5e7aa94f2905f02600d00d431de5272be1b12beefc6152bb1bc48eec5,ADANIENSOL,I030,0.3,891.2,True,2025-06-09T10:45:00+05:30,2025-06-09
4374bee5e7aa94f2905f02600d00d431de5272be1b12beefc6152bb1bc48eec5,ADANIENSOL,I050,0.5,892.95,True,2025-06-09T10:45:00+05:30,2025-06-09
4374bee5e7aa94f2905f02600d00d431de5272be1b12beefc6152bb1bc48eec5,ADANIENSOL,I070,0.7,894.75,False,,
4374bee5e7aa94f2905f02600d00d431de5272be1b12beefc6152bb1bc48eec5,ADANIENSOL,S100,1.0,897.4,False,,
4374bee5e7aa94f2905f02600d00d431de5272be1b12beefc6152bb1bc48eec5,ADANIENSOL,S200,2.0,906.3,False,,
4374bee5e7aa94f2905f02600d00d431de5272be1b12beefc6152bb1bc48eec5,ADANIENSOL,S500,5.0,932.95,False,,
aed3451399aed484457e8d38c3f15e8e04860a397ef0be66c05ea3855d4bf3fe,TATASTEEL,I030,0.3,163.0,True,2025-07-21T09:15:00+05:30,2025-07-21
aed3451399aed484457e8d38c3f15e8e04860a397ef0be66c05ea3855d4bf3fe,TATASTEEL,I050,0.5,163.35,True,2025-07-21T09:15:00+05:30,2025-07-21
aed3451399aed484457e8d38c3f15e8e04860a397ef0be66c05ea3855d4bf3fe,TATASTEEL,I070,0.7,163.65,True,2025-07-21T09:15:00+05:30,2025-07-21
aed3451399aed484457e8d38c3f15e8e04860a397ef0be66c05ea3855d4bf3fe,TATASTEEL,S100,1.0,164.15,False,,
aed3451399aed484457e8d38c3f15e8e04860a397ef0be66c05ea3855d4bf3fe,TATASTEEL,S200,2.0,165.75,False,,
aed3451399aed484457e8d38c3f15e8e04860a397ef0be66c05ea3855d4bf3fe,TATASTEEL,S500,5.0,170.65,False,,
