"trade_id","symbol","strategy","direction","entry_at","O_FACTOR","X_FACTOR","RSI14","ATR14","WILLIAMS14","RELATIVE_VOLUME","ENTRY_PRICE","ENTRY_VS_REFERENCE","INTRADAY_MAX_PROFIT","SWING_TARGET_PROFIT","FIVE_DAY_MAX_PROFIT","THIRTY_DAY_MAX_PROFIT"
"165d8bd1-e7aa-4986-a46b-08dc0e763204","SWIGGY","RSI_WILLR","BUY","2026-08-21T06:33:00.000Z","75.3664","79.8875","54.16819786","9.26857143","-69.78723404","1.9203325","280.1","-0.10699001426531903","3177.299999999992","0","3748.500007568401","3748.500007568401"
"e855748e-3f25-4fc1-8a42-aa4f2b9af492","ETERNAL","RSI_WILLR","BUY","2026-08-21T06:33:00.000Z","81.7478","82.729","68.75149988","7.525","-16.42969984","1.94547901","326.4","-0.03062787136294724","1285.200000000014","0","1254.60000900864","1254.60000900864"
"071e7b0f-bb8b-4fb5-8d41-8c680c4c1823","PERSISTENT","RSI_WILLR","BUY","2026-08-21T06:03:00.000Z","85.5669","86.3662","65.93016477","148.68571429","-4.47204969","4.05841772","5699.5","-0.07889200561009818","0","0","0","0"
"82399a8f-fa3f-41fd-918b-a607cfd50027","LUPIN","RSI_WILLR","SELL","2026-08-21T05:33:00.000Z","75.3798","82.0595","28.92029291","49.17857143","-98.48979592","2.8082312","2199.1","-0.01819256833583895","1026.000000000008","0","998.9999921286","998.9999921286"
"fa89ac92-a75c-4f63-b884-799ace5af9d5","DIXON","RSI_WILLR","BUY","2026-08-21T05:03:00.000Z","78.214","81.6814","67.96539105","386.78571429","-4.75836431","2.12428051","14844","-0.10767160161507401","793","0","793.000005174","793.000005174"
"b2c3e5d8-e4d1-446c-a469-2e774457f067","GMRAIRPORT","RSI_WILLR","SELL","2026-08-21T04:33:00.000Z","79.2966","77.511","31.11422372","2.22857143","-99.37421777","15.97413186","100.1","-0.15007503751875084","1358.6399999999853","0","1078.92000107892","1078.92000107892"
"4645192e-7054-4c64-a304-311fc196842f","ETERNAL","RSI_WILLR","BUY","2026-08-20T06:15:00.000Z","86.128","79.7819","69.27779467","7.525","-3.51493849","1.85520839","326.55","-0.29007633587785914","1040.3999999999933","1998.4859999999844","3090.60000339048","3090.60000339048"
"0360a59c-de22-40d5-912e-94c09e2f5d30","SWIGGY","RSI_WILLR","BUY","2026-08-20T05:03:00.000Z","75.0244","82.9319","54.68735156","9.26857143","-67.65957447","6.34882079","280.85","-0.10670460608214638","1210.399999999992","1999.6519999999864","3204.0000069775997","3204.0000069775997"
"ccda56c8-6eac-4878-9f3b-be855d77deda","APLAPOLLO","RSI_WILLR","BUY","2026-08-20T04:24:00.000Z","80.48","79.2988","77.62495863","59.05714286","-1.06286061","6.7339392","2145.3","-0.03727692092631878","437.0999999999831","0","1460.1000044770203","1460.1000044770203"
"87112a80-4e69-4fa4-92cb-ea6056e0ab50","PETRONET","RSI_WILLR","BUY","2026-08-19T06:44:00.000Z","69.0041","77.7411","62.73423104","6.20357143","-5.71428571","1.9824821","286.35","-1.0880829015543965","1326.1999999999841","1998.7229999999913","5165.19999269892","5165.19999269892"
"d9540810-8573-4f64-b1ab-d87d230ad0fc","RADICO","RSI_WILLR","BUY","2026-08-18T08:46:00.000Z","76.0768","80.9673","76.71711626","109.84285714","-2.36537494","4.94586599","4718.3","0.19749416011892507","163.79999999998472","0","1079.40000927906","1079.40000927906"
"7f580b1f-3b77-4910-a89d-212e681735b3","COLPAL","RSI_WILLR","SELL","2026-08-18T08:20:00.000Z","77.4677","70.856","30.30862583","44.47142857","-95.04985755","3.14000135","1912.2","0.20874647740319383","956.8000000000047","1988.6880000000074","4887.99999382032","4887.99999382032"
"ec2edd69-f58b-42d7-90b6-89dab162970a","VOLTAS","RSI_WILLR","SELL","2026-08-18T06:37:00.000Z","75.1634","80.0942","38.57442296","37.35714286","-98.73760144","3.6809394","1249.9","-0.1121345614737758","32.000000000007276","1999.8400000000038","5408.0000053856","5408.0000053856"
"5a9fd847-6408-4541-8a45-a867e495e0bc","BSE","RSI_WILLR","SELL","2026-08-18T04:34:00.000Z","80.2814","78.8152","30.92047715","109","-95.66911091","2.13916727","3257.1","-0.0983435262300568","0","1986.8309999999947","198683.1","198683.1"
"39cf99d9-e677-4399-9047-d8531c348819","APLAPOLLO","QUALITY_SUM_THRESHOLD","BUY","2026-08-17T09:34:00.000Z","74.0497","58.6767","74.47959487","58.96428571","-3.82477934","0.03720128","2096","-0.15243902439023527","332.5","5973.60000000001","5481.500009120001","6175.000003648"
"fbce9916-63bf-49ee-a318-284b0e7574e9","NAUKRI","QUALITY_SUM_THRESHOLD","BUY","2026-08-17T07:33:00.000Z","80.6385","49.8414","71.44456138","43.13928571","-12.03852327","0.52975601","1367","-0.10960906101571063","978.2000000000066","1995.8200000000106","2963.8000047012","2963.8000047012"
"bf01bbcb-1ddc-4468-a0bd-cf954a01d61a","BAJAJ-AUTO","QUALITY_SUM_THRESHOLD","BUY","2026-08-17T04:32:00.000Z","70.2424","56.789","66.74873129","224.67857143","-26.87609075","0.37040072","11712","0.025621316935690495","1479","0","1479.0000022848","1479.0000022848"
"0191e906-f36d-4490-a66e-598f5bec183f","SHREECEM","QUALITY_SUM_THRESHOLD","SELL","2026-08-17T04:02:00.000Z","73.3688","58.7011","31.89460372","632.14285714","-98.84868421","1.07519789","24540","0.020370747606437156","1040","1963.2000000000116","3119.99999256","3759.9999925439997"
"7172cd0d-a063-48ae-8b15-9f6dfe0dea0f","MPHASIS","QUALITY_SUM_THRESHOLD","BUY","2026-08-14T09:35:00.000Z","79.0903","84.3519","64.04543431","82.31428571","-2.08585248","3.35198295","2549.1","0.11389521640091474","608.4000000000142","0","608.4000009242999","608.4000009242999"
"2a3a8ffb-dd11-4381-8ff5-1824780e34b7","BDL","QUALITY_SUM_THRESHOLD","BUY","2026-08-14T09:06:00.000Z","81.3787","83.0735","68.52544731","32.87142857","-9.64760254","4.61675884","1400.3","0.8207934336525209","2769","1988.4260000000222","3791.3999975590204","3791.3999975590204"
"35d4f8a0-fc2f-4080-9877-e6e0ab2f9679","APLAPOLLO","QUALITY_SUM_THRESHOLD","BUY","2026-08-14T07:35:00.000Z","77.3653","75.5827","73.86449152","57.53571429","-0.24407252","1.25661736","2086","-0.24389077519008698","1225.5000000000086","5945.099999999993","3249.0000036480005","7124.999998613"
"3d2c7f5e-efca-4806-8e93-1e0be6a12a86","BIOCON","QUALITY_SUM_THRESHOLD","SELL","2026-08-14T05:33:00.000Z","72.8432","82.5763","41.34329034","8.70714286","-97.45916515","2.91545535","415.95","-0.07217610970768949","1320","1996.5599999999904","3503.9999959128","3503.9999959128"
"4f89f79c-ea54-47d0-9817-a289821cdbf0","IREDA","QUALITY_SUM_THRESHOLD","SELL","2026-08-14T04:03:00.000Z","71.0703","81.5042","34.13622465","2.18857143","-100","11.93055748","116.68","-0.15450643776824619","908.4200000000019","1999.8952000000156","2810.9599979774807","4730.64000147404"
"d2d3575e-2f3f-4c22-92b0-f70c96fd547b","RADICO","QUALITY_SUM_THRESHOLD","BUY","2026-08-13T08:35:00.000Z","77.9222","77.071","75.05374731","119","-4.70332851","2.54116067","4624.8","0.3885476133625767","2167.1999999999844","1988.6639999999825","2167.2000095150397","5125.59999441"
"afdd40ee-b349-4b20-99e5-a6168081ff99","AUROPHARMA","QUALITY_SUM_THRESHOLD","BUY","2026-08-13T05:34:00.000Z","74.0826","84.0259","66.33810693","40.18571429","-5.72951366","2.82564481","1676.4","0.17927572606669057","547.3999999999892","0","0","0"
"2d8ffedf-c9e3-4be4-8c4b-25c085169ab0","BOSCHLTD","QUALITY_SUM_THRESHOLD","BUY","2026-08-13T04:32:00.000Z","85.6476","83.0621","77.86799928","1165.35714286","-3.70615486","1.48993792","46975","-0.010642826734780758","1180","5637","2959.99999279","8520.00000083"
"d968c721-7e82-4572-99d7-bf83f5e83416","KEI","QUALITY_SUM_THRESHOLD","BUY","2026-08-13T04:03:00.000Z","80.7252","84.9174","74.58854598","147.82857143","-1.55076093","2.26466319","5770","0.04161176225812532","2274.5999999999876","1961.7999999999938","2274.600005338","3797.800006596"
"0ef9a033-4606-476d-bce6-15b460eadf23","KALYANKJIL","RSI_WILLR","BUY","2026-08-12T09:36:00.000Z","74.9617","76.8082","62.77599159","26.41071429","-55.81527936","2.09286205","598.95","-0.1749999999999924","499.5","5983.510499999983","6943.049998316685","7575.7500086380205"
"3b6ad981-b77c-4aad-b61e-664d10a5a756","KEI","QUALITY_SUM_THRESHOLD","BUY","2026-08-12T08:36:00.000Z","74.4895","80.0805","72.92889388","145.88571429","-1.78553104","1.22132521","5696.7","-0.10346157892891918","2005.5000000000066","5981.534999999994","4907.0000097762","6474.999993445201"
"0d67a7cf-7d41-4369-9f4f-539d00e6cb3b","PIDILITIND","QUALITY_SUM_THRESHOLD","BUY","2026-08-12T07:04:00.000Z","73.1681","82.2638","65.19362867","37.2","-0.76045627","1.8003381","1692.1","-0.09446773336483064","1109.2000000000107","0","1687.4000054421601","1805.40000135464"
"5e7372f3-8571-4fc5-a243-4056f623d3e7","HINDALCO","QUALITY_SUM_THRESHOLD","BUY","2026-08-12T05:34:00.000Z","79.0204","77.6096","71.16864825","21.87857143","-6.94854146","1.99700023","1075.2","-0.17176547049811142","1646.099999999983","0","1646.1000028569597","1646.1000028569597"
"6ce04c9d-8d27-47a1-81f9-3a8f234190f2","BOSCHLTD","QUALITY_SUM_THRESHOLD","BUY","2026-08-12T04:33:00.000Z","89.062","71.0857","76.83855192","1177.14285714","-0.36127168","1.65080511","46560","-0.08583690987124463","700","9312","2899.9999921920007","10179.999996096001"
"9222727d-b6cb-413b-97f8-d8ad77671877","SIEMENS","QUALITY_SUM_THRESHOLD","BUY","2026-08-12T04:06:00.000Z","83.8183","80.0945","73.76269423","112.64285714","-0.11668611","7.10181226","4037.9","-1.266596571875681","1082.8999999999955","0","1082.9000040082","1082.9000040082"
"aa904f70-0d9d-42b3-8b7c-3f7f36919c89","LTM","QUALITY_SUM_THRESHOLD","BUY","2026-08-11T09:36:00.000Z","88.9551","81.7855","73.22004937","151.08571429","-0.85634768","6.68628885","4839.6","-0.008264462809909839","426.3999999999851","0","426.39999429444003","0"
"c8308fa3-dbad-4602-bb9c-308ddb2bc56c","PFC","RSI_WILLR","SELL","2026-08-11T09:17:00.000Z","78.6323","82.3319","27.09645307","9.82142857","-99.89658738","3.94900367","381.35","0.4567997911772383","628.8000000000238","9991.369999999997","3851.399990926941","0"