symbol,sector,signal_date,daily_level,decision_code,setup_state,ofactor_long,xfactor_score,directional_edge,data_quality_score,daily_rsi14,daily_willr14,close_vs_ema61_pct,macd_line_pct_close,atr14,volume_vs_sma20,nifty_regime,stock_regime,vix_regime,entry_ts,entry_price,entry_rsi14,entry_willr14,quantity,exit_state,exit_ts,exit_price,gross_pnl,transaction_costs,net_before_tax,tax_provision,after_tax_pnl,i030_hit,i050_hit,i070_hit,s100_d5_hit,s200_d5_hit,s500_d5_hit,intraday_mfe_pct,intraday_mae_pct,d5_mfe_pct,d5_mae_pct,h30_mfe_pct,h30_mae_pct,d5_sessions,h30_sessions,actual_holding_minutes,actual_holding_sessions
ABB,Capital Goods,2024-06-12,LOW,ENTERABLE_TIER_B,TRIGGERED,74.99,88.715,46.2569,98.5,59.05548126931104,-27.151351957814423,14.980676957190433,2.5148536599635056,368.7392857142858,0.9660829642718676,TRANSITION,SIDEWAYS,LOW,2024-06-12 10:10:00+05:30,8273.75,24.832214765101085,-85.96918085969232,24,CLOSED_INTRADAY,2024-06-12 10:10:00+05:30,8298.571249999999,595.709999999976,291.02891196826,304.681088031716,106.6383808111006,198.04270722061543,True,False,False,True,True,True,0.3897869768847206,-0.4562622752681711,10.59011935337666,-0.4562622752681711,10.59011935337666,-14.752077353074489,6,31,0.0,1
ACE,OTHER,2024-04-22,LOW,ENTERABLE_TIER_B,TRIGGERED,79.9732,79.14,60.5378,97.2931,58.05019179990825,-52.9639175257732,17.51425089627532,2.796157284579066,85.66428571428571,0.9296621498949422,SIDEWAYS,,LOW,2024-04-22 09:47:00+05:30,1483.0,29.30591259640103,-85.33653846153865,134,CLOSED_INTRADAY,2024-04-22 10:52:00+05:30,1487.4489999999998,596.1659999999732,291.215556449396,304.95044355057723,106.73265524270202,198.2177883078752,True,True,True,True,True,True,2.832097100472009,-1.4160485502360045,5.866486850977748,-1.4160485502360045,11.193526635198925,-20.36412677006069,6,31,65.0,1
ADANIENSOL,Power,2025-06-06,LOW,ENTERABLE_TIER_B,TRIGGERED,76.7055,87.1142,45.7402,98.5,52.10181479430675,-30.22508038585208,2.903532774928137,-0.2249996236428329,21.850000000000005,2.608592791199309,TRANSITION,UPWARD,LOW,2025-06-06 09:36:00+05:30,876.75,26.293103448275676,-95.27027027026996,228,CLOSED_INTRADAY,2025-06-06 10:07:00+05:30,879.3802499999999,599.6969999999772,292.660823253982,307.03617674599525,107.46266186109833,199.5735148848969,True,True,True,True,True,True,1.7964071856287456,-0.2566295979469668,5.4291417165668765,-2.857142857142847,5.4291417165668765,-6.723695466210444,6,31,31.0,1
ADANIPOWER,Power,2024-04-30,LOW,ENTERABLE_TIER_B,TRIGGERED,83.4754,78.8826,59.0485,98.5,64.63614709933717,-30.6666666666666,19.212455241968208,3.3647116421643783,19.71428571428572,1.773405696460369,SIDEWAYS,UPWARD,LOW,2024-04-30 09:54:00+05:30,122.25,23.188405797101662,-97.50000000000014,1635,CLOSED_INTRADAY,2024-04-30 09:55:00+05:30,122.61674999999998,599.6362499999673,292.63595778856745,307.0002922113998,107.45010227398994,199.5501899374099,True,True,True,True,True,False,0.9406952965235194,-1.0224948875255602,2.167689161554187,-6.33946830265849,46.54396728016361,-6.33946830265849,6,31,1.0,1
ANGELONE,OTHER,2023-12-12,LOW,ENTERABLE_TIER_B,TRIGGERED,78.6534,79.9276,58.5664,97.2931,60.80521829250298,-52.36076596988752,19.67342152514204,3.891871942177512,119.8964285714286,0.7615994994754343,UPWARD,,LOW,2023-12-12 10:17:00+05:30,303.2,29.7872340425523,-100.0,659,CLOSED_INTRADAY,2023-12-12 10:27:00+05:30,304.10959999999994,599.4263999999605,292.5500644895184,306.8763355104421,107.40671742865472,199.46961808178736,True,True,True,True,True,True,1.58311345646438,-0.3627968337730713,11.642480211081809,-2.176781002638506,28.49604221635884,-6.200527704485492,6,31,10.0,1
ANGELONE,OTHER,2024-09-16,LOW,ENTERABLE_TIER_B,TRIGGERED,77.0064,79.2848,54.0339,97.2931,59.54380711360119,-20.510905288317936,5.932882770386835,1.2625924603581358,97.12857142857138,1.186501203883791,TRANSITION,,LOW,2024-09-16 10:10:00+05:30,250.1,26.66666666666657,-80.00000000000018,799,CLOSED_INTRADAY,2024-09-16 13:51:00+05:30,250.8503,599.489699999984,292.5759736905182,306.91372630946586,107.41980420831304,199.4939221011528,True,True,True,True,True,True,5.477808876449419,-1.2395041983206734,7.716913234706113,-1.2395041983206734,35.6657337065174,-2.239104358256694,6,31,221.0,1
APOLLOTYRE,Automobile and Auto Components,2023-12-29,MEDIUM,ENTERABLE_TIER_B,TRIGGERED,75.7775,79.3358,51.454,97.2931,61.70502458662594,-47.07224334600759,7.64991853246394,0.97056376180717,15.757142857142854,1.0324282378998464,UPWARD,,LOW,2023-12-29 10:09:00+05:30,443.5,23.913043478260303,-93.65079365079396,450,CLOSED_INTRADAY,2023-12-29 10:15:00+05:30,444.8305,598.725,292.26297580735,306.46202419265,107.2617084674275,199.2003157252225,True,True,True,True,True,False,2.626832018038328,0.0,4.847801578354005,0.0,25.794813979706863,0.0,6,31,6.0,1
ASTERDM,OTHER,2025-05-30,LOW,ENTERABLE_TIER_B,TRIGGERED,75.3868,81.1783,55.1651,97.2931,58.05745467719464,-68.86145404663931,9.393884748183636,2.161635625047777,22.86428571428572,2.375272619400324,SIDEWAYS,,NORMAL,2025-05-30 10:16:00+05:30,554.15,28.899082568807486,-95.99999999999908,360,CLOSED_INTRADAY,2025-05-30 10:21:00+05:30,555.8124499999999,598.481999999964,292.163513945692,306.31848605427206,107.2114701189952,199.1070159352768,True,True,True,True,True,True,3.58206261842462,-0.1263195885590429,6.559595777316618,-2.1925471442750144,21.80817468194533,-2.1925471442750144,6,31,5.0,1
AUROPHARMA,Healthcare,2023-12-07,MEDIUM,ENTERABLE_TIER_B,TRIGGERED,75.9836,82.4057,50.602,97.2931,60.664104740380175,-41.75438596491228,9.778814587396525,2.957910514281575,27.414285714285736,1.0488586389344314,UPWARD,,LOW,2023-12-07 10:55:00+05:30,1026.0,29.411764705882877,-89.47368421052442,194,CLOSED_SWING,2023-12-13 10:08:00+05:30,1036.26,1990.44,293.05637412664,1697.38362587336,594.084269055676,1103.299356817684,False,False,False,True,True,False,0.2729044834308025,-0.4922027290448327,2.319688109161788,-2.894736842105272,13.411306042884984,-2.894736842105272,6,31,8593.0,5
BALRAMCHIN,OTHER,2024-07-10,MEDIUM,ENTERABLE_TIER_B,TRIGGERED,74.8868,77.2636,51.9773,97.2931,61.01439931950008,-57.0162481536189,7.275146916062339,1.7967137571719174,11.917857142857148,0.8036379998022827,TRANSITION,,LOW,2024-07-10 09:42:00+05:30,432.75,25.30120481927717,-93.7500000000009,462,CLOSED_INTRADAY,2024-07-10 11:59:00+05:30,434.04825,599.7914999999723,292.69950286684895,307.0919971331233,107.48219899659316,199.60979813653012,True,True,True,True,True,True,1.074523396880411,-1.9295205083766696,6.2969381860196405,-1.9295205083766696,35.274407856730214,-1.9295205083766696,6,31,137.0,1
BANDHANBNK,OTHER,2025-07-16,MEDIUM,ENTERABLE_TIER_B,TRIGGERED,78.2906,77.6429,46.4057,97.2931,57.181197774147726,-47.10920770877941,6.206450774939447,0.5341769309879656,4.681428571428571,1.8305455823445345,SIDEWAYS,,LOW,2025-07-16 09:55:00+05:30,181.35,27.826086956522445,-94.6969696969702,1102,CLOSED_INTRADAY,2025-07-16 10:42:00+05:30,181.89405,599.5430999999559,292.59783074159856,306.94526925835737,107.43084424042507,199.5144250179323,True,True,True,True,True,False,1.599117728149979,-0.6837606837606702,3.7496553625586015,-1.571546732837048,3.7496553625586015,-11.072511717672995,6,31,47.0,1
BANKINDIA,Financial Services,2024-02-15,LOW,ENTERABLE_TIER_B,TRIGGERED,76.9417,77.0247,52.5634,97.2931,59.05341913600342,-41.82389937106922,15.29949807276894,2.421134914198147,8.385714285714283,0.960194578729623,SIDEWAYS,,NORMAL,2024-02-15 09:38:00+05:30,133.55,24.637681159420367,-80.45977011494243,1497,CLOSED_INTRADAY,2024-02-15 09:48:00+05:30,133.95065,599.77305,292.6919511329083,307.0810988670917,107.4783846034821,199.6027142636096,True,True,True,True,True,True,3.654062149007853,-0.576563084986903,8.026956196181212,-1.370273305877956,8.026956196181212,-9.606888805690762,6,31,10.0,1
BDL,Capital Goods,2024-02-02,LOW,ENTERABLE_TIER_B,TRIGGERED,79.7933,76.7576,57.7197,97.2931,64.13628513344726,-37.18098805900252,16.409917947955407,2.3835641196900594,75.0714285714286,2.435457127079942,SIDEWAYS,,LOW,2024-02-02 10:33:00+05:30,893.0,14.743589743589538,-95.24940617577197,223,CLOSED_INTRADAY,2024-02-02 10:46:00+05:30,895.6789999999999,597.4169999999777,291.727600848302,305.68939915167573,106.99128970308652,198.6981094485892,True,True,True,True,True,True,0.8958566629339249,-2.015677491601342,8.56103023516237,-2.8555431131019,11.131019036954084,-13.096304591265406,6,31,13.0,1
BELRISE,OTHER,2025-09-12,MEDIUM,ENTERABLE_TIER_B,TRIGGERED,76.8948,79.7077,53.0429,97.2931,58.39040059387136,-43.90394088669945,11.70644517674594,1.6515629823584457,5.462857142857144,0.924682226670792,TRANSITION,,LOW,2025-09-12 12:05:00+05:30,143.25,27.35849056603766,-84.50704225351937,1396,CLOSED_INTRADAY,2025-09-12 15:05:00+05:30,143.67974999999998,599.9309999999721,292.756601342986,307.1743986569861,107.51103952994514,199.66335912704096,True,True,True,True,True,True,1.0820244328097806,-1.130890052356026,11.623036649214669,-1.130890052356026,14.834205933682366,-1.130890052356026,6,31,180.0,1
BHARATFORG,Automobile and Auto Components,2024-06-05,LOW,ENTERABLE_TIER_B,TRIGGERED,79.3123,79.1687,58.266,97.2931,55.996061802408505,-60.95609355765283,11.501133614825866,4.103295714141926,62.539285714285775,1.4728300477675065,SIDEWAYS,,NORMAL,2024-06-05 10:28:00+05:30,1415.95,17.055393586005707,-96.0,141,CLOSED_INTRADAY,2024-06-05 10:46:00+05:30,1420.1978499999998,598.9468499999718,292.3537808032711,306.59306919670075,107.30757421884526,199.28549497785548,True,True,True,True,True,True,6.991772308344224,-0.6850524382923107,16.172887460715412,-0.6850524382923107,27.440940711183305,-0.6850524382923107,6,31,18.0,1
BHEL,Capital Goods,2024-02-22,LOW,ENTERABLE_TIER_B,TRIGGERED,77.8677,85.0984,54.9692,97.2931,57.4592544260817,-35.20286396181384,13.94999200550042,2.3490611245201083,11.360714285714293,0.8430658290742264,TRANSITION,,NORMAL,2024-02-22 09:30:00+05:30,221.95,25.000000000000117,-87.15596330275203,901,CLOSED_INTRADAY,2024-02-22 09:35:00+05:30,222.61585,599.930849999973,292.7565399467751,307.17431005319787,107.51100851861926,199.66330153457864,True,True,True,True,True,True,3.356611849515656,-0.4505519261094881,5.316512728091927,-0.9912142374408628,24.284748817301207,-6.690696102725835,6,31,5.0,1
BIOCON,Healthcare,2024-08-21,LOW,ENTERABLE_TIER_B,TRIGGERED,74.3148,78.4805,48.242,97.2931,56.00717117980552,-32.802547770700635,5.207231148287296,-0.2648676279679908,13.121428571428568,0.8130920524324692,SIDEWAYS,,LOW,2024-08-21 10:52:00+05:30,351.5,29.411764705882547,-100.0,568,CLOSED_INTRADAY,2024-08-21 11:53:00+05:30,352.5545,598.9559999999773,292.357525972136,306.5984740278413,107.30946590974446,199.2890081180969,True,True,True,True,True,False,1.4082503556187786,-0.5120910384068256,3.485064011379801,-0.5120910384068256,12.603129445234718,-0.5120910384068256,6,31,61.0,1
BPCL,Oil Gas & Consumable Fuels,2023-12-21,LOW,ENTERABLE_TIER_B,TRIGGERED,78.0301,82.4377,55.108,98.5,61.24063096995114,-65.8341658341658,11.03906964319965,3.129300772055371,13.46785714285714,0.8210290577090633,UPWARD,UPWARD,LOW,2023-12-21 09:16:00+05:30,200.45,15.71428571428592,-83.58208955223928,997,CLOSED_INTRADAY,2023-12-21 09:16:00+05:30,201.05135,599.5459499999602,292.59899726960566,306.94695273035444,107.43143345562406,199.5155192747304,True,True,True,True,True,True,3.666749812920944,-0.1995510102269726,8.381142429533561,-0.1995510102269726,41.506610127213776,-0.1995510102269726,6,31,0.0,1
BSE,Financial Services,2024-02-27,MEDIUM,ENTERABLE_TIER_B,TRIGGERED,79.8654,79.6598,53.9703,97.2931,56.69135912131146,-42.539219263042696,7.05807873554414,-0.1589536061162512,97.53928571428573,1.481417769165822,SIDEWAYS,,NORMAL,2024-02-27 09:55:00+05:30,764.5,29.629629629629637,-100.0,261,CLOSED_INTRADAY,2024-02-27 11:14:00+05:30,766.7934999999999,598.6034999999739,292.21324487652095,306.3902551234529,107.23658929320852,199.1536658302444,True,True,True,True,True,True,5.035971223021574,-0.5886200130804431,5.49378678875081,-0.8502289077828684,28.8423806409418,-15.369522563767168,6,31,79.0,1
CESC,OTHER,2024-07-30,LOW,ENTERABLE_TIER_B,TRIGGERED,76.4941,88.1268,44.606,97.2931,56.34117183440778,-50.972364380757405,9.269705792821345,1.6173658523842322,8.677857142857139,1.8698941261119104,TRANSITION,,LOW,2024-07-30 09:49:00+05:30,163.26,25.821596244131698,-100.0,1225,CLOSED_INTRADAY,2024-07-30 09:56:00+05:30,163.74978,599.9805,292.776862092583,307.203637907417,107.52127326759594,199.68236463982103,True,True,True,True,True,True,1.5986769570011106,-1.4945485728286134,5.2860467965208935,-4.0671321817958965,20.81955163542817,-4.0671321817958965,6,31,7.0,1
CHENNPETRO,OTHER,2025-06-11,LOW,ENTERABLE_TIER_B,TRIGGERED,78.3315,81.0835,48.7428,97.2931,58.682003936308895,-59.15104740904082,7.97504090433778,1.3328925378790275,22.11785714285714,2.169842943023972,SIDEWAYS,,LOW,2025-06-11 10:08:00+05:30,692.6,17.625899280575226,-100.0,288,CLOSED_SWING,2025-06-23 12:51:00+05:30,699.5260000000001,1994.6880000000288,293.58108116492804,1701.1069188351007,595.3874215922852,1105.7194972428156,False,False,False,False,False,False,0.1010684377707127,-1.6748483973433426,0.1010684377707127,-10.316199826739824,15.463470978920023,-12.922321686399076,6,31,17443.0,9
COALINDIA,Oil Gas & Consumable Fuels,2024-01-19,MEDIUM,ENTERABLE_TIER_B,TRIGGERED,76.3213,84.0039,45.461,98.5,59.007392053323045,-45.24236983842015,9.157159958721776,1.84545707873746,8.97142857142857,1.2977917567307258,SIDEWAYS,UPWARD,LOW,2024-01-19 09:59:00+05:30,358.7,27.77777777777889,-87.17948717948711,557,CLOSED_INTRADAY,2024-01-19 10:35:00+05:30,359.7761,599.387699999961,292.53422426710614,306.85347573285486,107.3987165064992,199.4547592263557,True,True,True,True,True,True,0.7109004739336511,-0.4321159743518321,8.851407861722894,-2.188458321717301,27.65542235851686,-2.188458321717301,6,31,36.0,1
COALINDIA,Oil Gas & Consumable Fuels,2024-02-22,LOW,ENTERABLE_TIER_B,TRIGGERED,75.0284,84.122,53.5213,98.5,55.44058642337064,-60.21276595744688,12.183939798168366,3.7103876991670353,21.517857142857142,1.0943454521113416,TRANSITION,UPWARD,NORMAL,2024-02-22 09:30:00+05:30,404.7,25.27472527472503,-94.2857142857138,494,CLOSED_INTRADAY,2024-02-22 09:40:00+05:30,405.9141,599.7653999999802,292.6888199261524,307.07658007382787,107.47680302583976,199.5997770479881,True,True,True,True,True,False,3.9535458364220455,-0.704225352112664,4.32419075858661,-0.704225352112664,7.981220657276999,-6.906350382999749,6,31,10.0,1
COFORGE,Information Technology,2024-02-02,MEDIUM,ENTERABLE_TIER_B,TRIGGERED,77.6626,78.1504,53.1738,97.2931,57.506101025720746,-52.9831718510963,7.202486522529624,0.8303511426058836,212.8571428571428,1.1378554454676693,SIDEWAYS,,LOW,2024-02-02 10:43:00+05:30,1272.5,21.73913043478261,-100.0,157,CLOSED_INTRADAY,2024-02-02 11:33:00+05:30,1276.3175,599.3474999999843,292.517770082585,306.82972991739933,107.39040547108976,199.4393244463096,True,True,True,True,True,False,1.6895874263261224,-0.4715127701375277,4.75442043222003,-0.4715127701375277,7.622789783889972,-10.96267190569744,6,31,50.0,1
CONCOR,Services,2024-01-31,LOW,ENTERABLE_TIER_B,TRIGGERED,74.938,80.6043,45.6051,97.2931,56.92132608981827,-28.265107212475627,7.4743465365793345,0.4406403504245504,35.2607142857143,1.2869729306549476,SIDEWAYS,,NORMAL,2024-01-31 10:23:00+05:30,701.75,27.45098039215684,-81.48148148148141,285,CLOSED_INTRADAY,2024-01-31 10:23:00+05:30,703.85525,599.99625,292.7833086947275,307.2129413052725,107.52452945684536,199.68841184842717,True,True,True,True,True,True,1.6886355539722064,-0.0926255789098662,8.51442821517634,-0.5201282508015659,17.14998218738868,-2.7431421446384,6,31,0.0,1
CONCOR,Services,2024-02-29,LOW,ENTERABLE_TIER_B,TRIGGERED,78.4519,76.8382,52.4194,97.2931,57.389094244835256,-37.598204264870986,9.241795633875448,2.600418511516249,34.69999999999999,1.4199456088950386,SIDEWAYS,,NORMAL,2024-02-29 09:22:00+05:30,758.65,29.59770114942546,-91.66666666666684,263,CLOSED_INTRADAY,2024-02-29 09:24:00+05:30,760.92595,598.57485,292.2015182002391,306.3733317997609,107.23066612991632,199.14266566984455,True,True,True,True,True,False,3.934620707836301,-0.3493046859553095,4.475054372899234,-0.3493046859553095,4.475054372899234,-13.589929479997364,6,31,2.0,1
CONCOR,Services,2024-06-11,LOW,ENTERABLE_TIER_B,TRIGGERED,80.7255,85.6639,55.9399,97.2931,54.55945111189571,-30.80521216171068,7.921911600142134,0.9926860599641282,64.74285714285713,1.1650193852625108,UPWARD,,LOW,2024-06-11 12:00:00+05:30,871.35,28.571428571427543,-93.10344827586016,229,CLOSED_INTRADAY,2024-06-11 12:42:00+05:30,873.9640499999999,598.6174499999771,292.2189547241347,306.39849527584244,107.23947334654486,199.1590219292976,True,True,False,True,True,True,0.6713720089516206,-0.2869111149365944,5.893154300797621,-0.2869111149365944,5.893154300797621,-9.227061456360818,6,31,42.0,1
CREDITACC,OTHER,2023-11-24,MEDIUM,ENTERABLE_TIER_B,TRIGGERED,75.5251,84.6909,49.4936,97.2931,58.58961241813065,-40.97965738758028,10.9586357868918,3.017059918238336,61.946428571428605,1.3169821907753296,TRANSITION,,LOW,2023-11-24 09:37:00+05:30,1701.35,26.71328671328629,-90.98360655737775,117,CLOSED_INTRADAY,2023-11-24 09:40:00+05:30,1706.4540499999998,597.1738499999766,291.62807759043307,305.5457724095436,106.94102034334024,198.6047520662033,True,False,False,True,True,False,0.3879272342551587,-1.6927733858406513,3.1680724130837223,-2.121844417668317,5.563229200340913,-8.308108266964464,6,31,3.0,1
CUMMINSIND,Capital Goods,2024-06-03,LOW,ENTERABLE_TIER_B,TRIGGERED,76.8572,81.7107,53.9552,97.2931,58.61145667073165,-42.694712905059696,14.067611960101702,3.192891396843513,134.99642857142857,1.2581853681781507,TRANSITION,,HIGH,2024-06-03 10:49:00+05:30,3686.3,29.466357308584207,-90.09708737864008,54,CLOSED_INTRADAY,2024-06-03 11:04:00+05:30,3697.3589,597.1805999999838,291.6308404199236,305.5497595800602,106.94241585302107,198.60734372703917,True,True,True,False,False,False,1.0484767924477056,-0.2251580175243517,1.0484767924477056,-15.846512763475571,13.17310039877382,-15.846512763475571,6,31,15.0,1
CYIENT,OTHER,2024-01-12,LOW,ENTERABLE_TIER_B,TRIGGERED,85.4265,83.0516,60.7041,97.2931,57.96740470105413,-42.3416198877305,12.652942359453778,2.4735293838106,79.6214285714285,2.0880242246738514,TRANSITION,,LOW,2024-01-12 09:39:00+05:30,2237.0,26.1044176706822,-97.35376044568294,89,CLOSED_INTRADAY,2024-01-12 10:08:00+05:30,2243.711,597.279,291.671116334274,305.607883665726,106.9627592830041,198.6451243827219,True,True,True,True,True,True,2.7715690657130088,-0.4135002235136298,5.721949038891383,-4.112650871703172,5.721949038891383,-16.298614215467143,6,31,29.0,1
EIHOTEL,OTHER,2024-04-26,LOW,ENTERABLE_TIER_B,TRIGGERED,76.1941,81.5953,55.6898,97.2931,58.34310401266655,-40.74626865671643,14.49102753105884,2.2538650956074,25.20714285714285,1.2049646547485209,SIDEWAYS,,LOW,2024-04-26 10:00:00+05:30,470.1,21.77777777777807,-92.9577464788732,425,CLOSED_INTRADAY,2024-04-26 10:32:00+05:30,471.55,616.25,292.5475529575,323.7024470425,113.295856464875,210.406590577625,True,True,True,True,True,True,3.169538396085936,-0.3084450116996429,5.509466071048719,-1.0104233141884689,6.360348861944254,-19.729844713890664,6,31,32.0,1
EMCURE,OTHER,2025-06-18,LOW,ENTERABLE_TIER_B,TRIGGERED,76.2731,84.6936,46.1753,97.2931,62.849440964439104,-77.53191489361694,12.219226486037444,4.232218702223238,49.271428571428565,2.24140988274505,SIDEWAYS,,LOW,2025-06-18 10:54:00+05:30,1346.9,25.97402597402582,-90.10989010989152,148,CLOSED_INTRADAY,2025-06-18 11:03:00+05:30,1350.9407,598.0235999999852,291.9758871251816,306.0477128748036,107.11669950618126,198.9310133686224,True,True,False,True,False,False,0.5271363872596302,-1.3438265647041423,1.492315687875867,-4.224515554235664,8.248570792189458,-8.760858267131933,6,31,9.0,1
ENDURANCE,Automobile and Auto Components,2025-09-16,MEDIUM,ENTERABLE_TIER_B,TRIGGERED,76.5227,80.377,53.1701,97.2931,57.24196945006397,-50.06349206349215,8.04202948883027,2.207582459760709,107.19285714285706,1.70543398108847,SIDEWAYS,,LOW,2025-09-16 09:16:00+05:30,2858.5,29.22077922077905,-88.31168831168905,69,CLOSED_INTRADAY,2025-09-16 13:36:00+05:30,2867.0754999999995,591.7094999999655,289.3914750235569,302.31802497640854,105.811308741743,196.5067162346656,True,True,True,True,True,False,3.662760188910252,-1.091481546265516,3.662760188910252,-1.5217771558509674,5.334965891201682,-6.419450760888578,6,31,260.0,1
ENGINERSIN,OTHER,2025-06-23,LOW,ENTERABLE_TIER_B,TRIGGERED,78.2947,76.2536,51.6179,97.2931,60.59401892571529,-52.1370112155199,13.917013866415976,2.956334869291185,9.301428571428575,1.0287635044647276,SIDEWAYS,,LOW,2025-06-23 10:05:00+05:30,218.91,19.407894736842096,-84.5454545454545,913,CLOSED_INTRADAY,2025-06-23 10:06:00+05:30,219.56673,599.5944899999818,292.61886508345293,306.97562491652883,107.44146872078508,199.5341561957437,True,True,True,True,True,True,4.928966241834543,-0.0593851354437902,11.369969393814827,-0.0593851354437902,16.69179114704673,-6.093828514001187,6,31,1.0,1
FORCEMOT,OTHER,2025-09-16,LOW,ENTERABLE_TIER_B,TRIGGERED,74.2536,79.6301,42.0576,97.2931,57.28776048646236,-13.768707482993197,14.213413211462084,0.3874663525462107,991.0,1.5424514348515694,SIDEWAYS,,LOW,2025-09-16 13:23:00+05:30,19829.0,27.46113989637305,-84.42622950819673,10,CLOSED_INTRADAY,2025-09-16 13:27:00+05:30,19888.487,594.86999999997,290.68509318722,304.18490681275006,106.46471738446252,197.7201894282875,True,True,False,False,False,False,0.5698724090977825,-1.7096172272933583,0.912804478289364,-9.980331837208134,0.912804478289364,-24.80205759241515,6,31,4.0,1
GMDCLTD,OTHER,2024-02-02,LOW,ENTERABLE_TIER_B,TRIGGERED,80.0575,77.9828,54.5065,97.2931,58.85310023883481,-18.167701863354026,12.508935596264305,1.8267121176856185,21.43928571428571,1.3873793068740483,SIDEWAYS,,LOW,2024-02-02 10:48:00+05:30,478.45,28.79581151832457,-82.06896551724122,418,CLOSED_SWING,2024-02-05 09:17:00+05:30,483.2345,1999.9209999999875,294.227454030126,1705.6935459698614,596.9927410894516,1108.70080488041,False,False,False,True,True,True,0.0104504127913074,-2.351342878043683,5.758177448009194,-13.418330024035953,5.758177448009194,-33.78618455428989,6,31,4229.0,2
GODIGIT,OTHER,2025-06-18,LOW,ENTERABLE_TIER_B,TRIGGERED,79.9016,77.3608,48.7497,97.2931,63.07259843653746,-49.58949096880141,8.40612059684722,2.703722205469192,12.35357142857142,2.5510003031537978,SIDEWAYS,,LOW,2025-06-18 09:59:00+05:30,341.8,25.00000000000101,-100.0,585,CLOSED_INTRADAY,2025-06-18 10:04:00+05:30,342.8254,599.859,292.727131161754,307.131868838246,107.4961540933861,199.6357147448599,True,True,True,True,True,True,2.3405500292568826,-0.2925687536571075,5.880631948507897,-2.4429490930368725,10.00585137507315,-4.256875365710943,6,31,5.0,1
HAVELLS,Consumer Durables,2024-06-06,MEDIUM,ENTERABLE_TIER_B,TRIGGERED,75.6736,85.3745,49.1393,98.5,58.12592974744654,-53.14608790807952,10.094987967425103,2.7274038465440467,67.80714285714285,1.5081605792804935,SIDEWAYS,UPWARD,NORMAL,2024-06-06 10:49:00+05:30,1857.55,28.80116959064344,-100.0,107,CLOSED_SWING,2024-06-10 10:25:00+05:30,1876.1255,1987.5784999999892,292.702925635571,1694.8755743644183,593.2064510275464,1101.669123336872,False,False,False,True,False,False,0.1318941616645697,-1.7523081478291291,1.5262038706898906,-2.0214799063282274,5.997146779359919,-6.298619148878903,6,31,5736.0,3
HFCL,OTHER,2024-07-26,LOW,ENTERABLE_TIER_B,TRIGGERED,76.2098,79.6792,50.3416,97.2931,56.41930170121994,-40.500000000000014,10.35823650577331,1.3061172018745335,6.317857142857142,0.8856311859503702,TRANSITION,,LOW,2024-07-26 10:07:00+05:30,118.9,24.00000000000045,-89.1304347826078,1682,CLOSED_INTRADAY,2024-07-26 10:55:00+05:30,119.2567,599.9694,292.7723187729764,307.1970812270236,107.51897842945826,199.67810279756532,True,True,True,True,True,True,4.793944491169033,-0.5634987384356638,18.166526492851133,-0.5634987384356638,35.121951219512184,-0.5634987384356638,6,31,48.0,1
HINDCOPPER,OTHER,2023-09-20,LOW,ENTERABLE_TIER_B,TRIGGERED,75.626,87.9135,48.4476,97.2931,54.20789182077469,-63.48884381338743,11.16559634443007,2.7548016757108647,7.489285714285714,1.2375945851789254,TRANSITION,,LOW,2023-09-20 11:14:00+05:30,162.1,29.729729729729986,-100.0,1233,CLOSED_SWING,2023-11-15 09:15:00+05:30,164.0,2342.7,294.4326481078,2048.2673518922,716.89357316227,1331.37377872993,False,False,False,False,False,False,0.1542257865515095,-3.3621221468229434,0.1542257865515095,-6.847624922887108,0.7094386181369483,-16.3170882171499,6,31,80521.0,41
HINDCOPPER,OTHER,2023-09-29,LOW,ENTERABLE_TIER_B,TRIGGERED,76.2502,84.9303,50.4305,97.2931,56.83780888958467,-40.57971014492753,11.23439670290994,1.349744595721715,7.32857142857143,1.2163756107323127,SIDEWAYS,,LOW,2023-09-29 09:38:00+05:30,159.0,24.657534246575054,-92.00000000000044,1257,CLOSED_INTRADAY,2023-09-29 09:44:00+05:30,159.47699999999998,599.5889999999748,292.616617982134,306.9723820178409,107.44033370624432,199.53204831159655,True,True,True,True,True,False,2.672955974842761,-0.4716981132075526,2.672955974842761,-7.075471698113212,3.396226415094339,-14.68553459119496,6,31,6.0,1
HINDCOPPER,OTHER,2024-05-17,LOW,ENTERABLE_TIER_B,TRIGGERED,75.6234,83.1149,47.4814,97.2931,60.672789985469045,-37.49999999999999,16.671494980400254,3.216007043626232,15.574999999999998,0.7937118007961221,SIDEWAYS,,NORMAL,2024-05-17 12:58:00+05:30,379.2,28.947368421052715,-100.0,527,CLOSED_INTRADAY,2024-05-17 13:55:00+05:30,380.3376,599.5151999999737,292.58641104637115,306.92878895360246,107.42507613376088,199.5037128198416,True,True,True,True,True,True,1.845991561181437,-0.0395569620253111,9.651898734177225,-4.483122362869196,9.651898734177225,-26.71413502109705,6,31,57.0,1
HINDCOPPER,OTHER,2025-07-21,LOW,ENTERABLE_TIER_B,TRIGGERED,74.4749,79.9261,48.0705,97.2931,60.61736446743819,-49.20071047957363,8.007886315174721,1.284723079074381,7.135714285714272,0.8337453593446938,SIDEWAYS,,LOW,2025-07-21 09:34:00+05:30,269.7,24.10714285714316,-100.0,741,CLOSED_INTRADAY,2025-07-21 10:01:00+05:30,270.50909999999993,599.5430999999481,292.59783074159856,306.9452692583496,107.43084424042236,199.51442501792724,True,True,True,True,True,False,2.3359288097886566,-0.4078605858361062,4.486466444197257,-8.268446421950305,4.486466444197257,-15.943641082684469,6,31,27.0,1
HINDCOPPER,OTHER,2025-07-23,LOW,ENTERABLE_TIER_B,TRIGGERED,74.0185,80.7316,44.5842,97.2931,61.84327885068451,-27.88671023965133,8.338433443717513,1.3973290217932364,7.421428571428562,1.1541129489718096,SIDEWAYS,,LOW,2025-07-23 10:04:00+05:30,276.0,19.67213114754016,-92.30769230769263,724,CLOSED_INTRADAY,2025-07-23 15:08:00+05:30,276.828,599.472,292.568728937632,306.903271062368,107.4161448718288,199.4871261905392,True,False,False,True,False,False,0.3623188405797117,-1.30434782608696,1.26811594202898,-11.177536231884057,1.26811594202898,-17.862318840579718,6,31,304.0,1
HUDCO,Financial Services,2024-04-25,MEDIUM,ENTERABLE_TIER_B,TRIGGERED,76.5459,81.0535,53.9462,97.2931,57.23159683966196,-52.11505922165816,10.479437036666557,1.1720246594062194,8.189285714285713,0.781733733212638,TRANSITION,,LOW,2024-04-25 09:51:00+05:30,200.8,20.51282051282179,-95.83333333333236,996,CLOSED_INTRADAY,2024-04-25 09:54:00+05:30,201.4024,599.9904,292.7809142425024,307.2094857574976,107.52332001512416,199.68616574237345,True,True,True,True,True,True,2.2410358565737143,-0.02490039840638,20.866533864541825,-0.02490039840638,49.40239043824701,-0.02490039840638,6,31,3.0,1
IDBI,OTHER,2024-08-22,MEDIUM,ENTERABLE_TIER_B,TRIGGERED,79.9667,80.9729,58.3215,97.2931,58.91280722243884,-25.431034482758623,8.810621968612514,1.4324550669249176,3.847857142857145,0.9657751423443058,SIDEWAYS,,LOW,2024-08-22 09:47:00+05:30,97.88,18.30985915493072,-93.6507936507926,2043,CLOSED_INTRADAY,2024-08-22 10:46:00+05:30,98.17364,599.9065199999795,292.7465814813671,307.1599385186125,107.50597848151436,199.6539600370981,True,True,True,True,True,False,3.95382100531263,-0.8990600735594545,3.95382100531263,-3.8107887208827074,3.95382100531263,-15.713118103800571,6,31,59.0,1
IDEA,Telecommunication,2026-01-01,LOW,ENTERABLE_TIER_B,TRIGGERED,78.1446,76.2187,61.2892,97.2931,55.645270570835706,-47.0588235294118,12.859364289590106,3.236666472203718,0.6321428571428569,2.7167082036753007,SIDEWAYS,,LOW,2026-01-01 10:19:00+05:30,11.25,26.666666666666917,-88.88888888888911,17777,CLOSED_INTRADAY,2026-01-01 10:20:00+05:30,11.28375,599.97375,292.7740992630925,307.1996507369075,107.51987775791764,199.6797729789899,True,True,True,True,True,True,6.044444444444452,-0.3555555555555534,7.1111111111111125,-0.3555555555555534,11.28888888888888,-13.955555555555554,6,31,1.0,1
INDIANB,Financial Services,2023-09-11,MEDIUM,ENTERABLE_TIER_B,TRIGGERED,74.1368,81.2698,48.7597,97.2931,62.10571851319092,-46.88940092165893,11.871437373506325,2.09704424844608,12.146428571428572,1.203490506254492,SIDEWAYS,,LOW,2023-09-11 09:56:00+05:30,379.95,19.101123595505143,-81.57894736842113,526,CLOSED_INTRADAY,2023-09-11 09:59:00+05:30,381.08985,599.561099999979,292.60519828690656,306.9559017130724,107.43456559957534,199.52133611349703,True,True,True,True,True,True,2.3950519805237658,-0.1447558889327571,8.882747729964468,-2.4345308593235915,14.580865903408348,-2.4345308593235915,6,31,3.0,1
INDUSTOWER,Telecommunication,2023-09-22,LOW,ENTERABLE_TIER_B,TRIGGERED,76.4216,81.4585,48.8934,97.2931,55.09726823840823,-59.89847715736035,6.080505936585231,1.8492254584377463,7.892857142857145,1.3617916572023463,SIDEWAYS,,LOW,2023-09-22 09:32:00+05:30,177.6,27.419354838709964,-97.56097560975692,1126,CLOSED_INTRADAY,2023-09-22 09:37:00+05:30,178.13279999999995,599.9327999999662,292.7573380975168,307.17546190244946,107.51141166585732,199.66405023659212,True,True,True,True,True,True,5.236486486486491,-0.4504504504504458,11.00788288288288,-0.4504504504504458,11.570945945945944,-6.137387387387394,6,31,5.0,1
INTELLECT,OTHER,2024-02-23,LOW,ENTERABLE_TIER_B,TRIGGERED,74.5488,76.6119,50.777,97.2931,57.26202160703535,-60.72150072150074,11.1317932504112,1.3788581933966126,45.48928571428571,2.8099743029335698,TRANSITION,,LOW,2024-02-23 10:33:00+05:30,935.45,28.44036697247741,-91.02040816326512,213,CLOSED_INTRADAY,2024-02-23 10:33:00+05:30,938.25635,597.75255,291.8649441720853,305.8876058279147,107.06066203977016,198.82694378814452,True,True,True,True,True,True,2.6244053664011835,-0.0427601689026779,20.797477150034727,-0.0427601689026779,28.17360628574481,-0.0427601689026779,6,31,0.0,1
IRFC,Financial Services,2023-11-08,LOW,ENTERABLE_TIER_B,TRIGGERED,74.6619,80.6556,45.7072,98.5,57.44753911831689,-27.03703703703708,12.808521111284842,0.3834126632702381,3.1500000000000017,1.17542017306093,SIDEWAYS,UPWARD,LOW,2023-11-08 10:09:00+05:30,74.5,15.384615384614705,-92.30769230769263,2684,CLOSED_INTRADAY,2023-11-08 10:50:00+05:30,74.72349999999999,599.8739999999732,292.733270782844,307.1407292171292,107.4992552259952,199.641473991134,True,True,True,True,True,False,2.684563758389258,-0.2684563758389324,3.2214765100671228,-2.0134228187919434,39.73154362416107,-2.4161073825503365,6,31,41.0,1
JINDALSTEL,Metals & Mining,2024-06-06,MEDIUM,ENTERABLE_TIER_B,TRIGGERED,77.7745,84.004,56.5793,98.5,55.53321097126668,-30.527740189445247,9.76795432959993,2.0846551301003213,42.76428571428574,1.0548620539036575,SIDEWAYS,UPWARD,NORMAL,2024-06-06 09:43:00+05:30,1012.0,27.90224032586561,-93.3753943217668,197,CLOSED_INTRADAY,2024-06-06 10:16:00+05:30,1015.036,598.092,292.003883797352,306.088116202648,107.1308406709268,198.9572755317212,True,True,True,True,True,False,2.2727272727272707,-1.1857707509881463,4.051383399209496,-1.1857707509881463,8.399209486166015,-8.068181818181818,6,31,33.0,1
JMFINANCIL,OTHER,2024-01-12,MEDIUM,ENTERABLE_TIER_B,TRIGGERED,77.9569,77.8007,56.7444,97.2931,61.82892770689839,-36.20689655172419,10.415906365507585,2.491356062102223,3.5642857142857145,0.8335067799777687,TRANSITION,,LOW,2024-01-12 10:12:00+05:30,101.4,28.000000000000867,-100.0,1972,CLOSED_INTRADAY,2024-01-12 10:16:00+05:30,101.7042,599.8824,292.7367089706544,307.1456910293456,107.50099186027096,199.64469916907464,True,True,True,True,True,True,0.8382642998027601,-0.6903353057199246,10.552268244575934,-2.268244575936895,13.264299802761336,-4.980276134122297,6,31,4.0,1
JSL,Metals & Mining,2023-10-03,LOW,ENTERABLE_TIER_B,TRIGGERED,78.4617,77.7081,53.8411,97.2931,61.86925155407257,-35.7266936884771,15.728291043648944,1.9655288360545493,26.478571428571428,1.3760271132588646,SIDEWAYS,,LOW,2023-10-03 11:00:00+05:30,500.7,29.642857142857267,-96.99999999999989,399,CLOSED_SWING,2023-10-04 09:24:00+05:30,505.707,1997.793,293.964606436558,1703.828393563442,596.3399377472047,1107.488455816237,False,False,False,True,False,False,0.0,-1.627721190333531,1.857399640503288,-9.267026163371272,1.857399640503288,-14.68943479129219,6,31,1344.0,2
JSL,Metals & Mining,2025-06-26,MEDIUM,ENTERABLE_TIER_B,TRIGGERED,77.9906,77.5629,49.3012,97.2931,56.93676096673234,-49.056603773585,6.854271546106476,1.495742095396889,22.44642857142856,1.6041238628509251,TRANSITION,,LOW,2025-06-26 09:41:00+05:30,678.7,25.38461538461634,-100.0,294,CLOSED_INTRADAY,2025-06-26 09:43:00+05:30,680.7361,598.6134,292.2172970264404,306.3961029735596,107.23863604074586,199.15746693281372,True,True,True,True,True,True,3.1088846323854336,-0.0294681007809161,5.775747753057314,-0.0294681007809161,9.179313393251798,-3.78665095034626,6,31,2.0,1
JSWINFRA,Services,2025-04-15,MEDIUM,ENTERABLE_TIER_B,TRIGGERED,75.6146,82.0189,57.6955,97.2931,56.97996691246816,-45.600000000000016,6.523748815509509,2.446003675744481,13.396428571428572,0.9384598709027124,TRANSITION,,NORMAL,2025-04-15 11:33:00+05:30,299.25,28.124999999999886,-80.00000000000114,668,CLOSED_INTRADAY,2025-04-15 11:36:00+05:30,300.14775,599.697,292.660823253982,307.036176746018,107.4626618611063,199.5735148849117,True,True,True,True,True,True,2.2556390977443552,0.0,5.062656641604013,-1.7543859649122862,5.062656641604013,-6.683375104427736,6,31,3.0,1
JSWINFRA,Services,2025-04-21,MEDIUM,ENTERABLE_TIER_B,TRIGGERED,81.8157,77.6505,65.7486,97.2931,59.91396203518004,-31.399999999999977,8.254057238321366,2.3667466314171093,12.425,0.8815294714688543,UPWARD,,NORMAL,2025-04-21 10:27:00+05:30,308.45,29.870129870130143,-97.7272727272722,648,CLOSED_INTRADAY,2025-04-21 10:56:00+05:30,309.37535,599.6267999999806,292.6320898272808,306.9947101726998,107.44814856044492,199.5465616122549,True,True,True,True,False,False,1.7993191765278027,-0.1945209920570456,1.928999837899159,-5.414167612254817,1.928999837899159,-9.466688280110224,6,31,29.0,1
JWL,OTHER,2025-06-04,LOW,ENTERABLE_TIER_B,TRIGGERED,77.4029,82.1696,49.3635,97.2931,56.04734939482064,-78.21038251366122,5.2523111165715015,2.144943815430504,20.421428571428567,1.999163742071604,SIDEWAYS,,NORMAL,2025-06-04 09:51:00+05:30,390.5,13.461538461539064,-96.5909090909096,512,CLOSED_INTRADAY,2025-06-04 10:08:00+05:30,391.6715,599.808,292.706256450048,307.101743549952,107.4856102424832,199.6161333074688,True,True,True,True,True,True,6.683738796414862,-0.5121638924455829,7.285531370038401,-0.5121638924455829,7.285531370038401,-7.09346991037132,6,31,17.0,1
JYOTICNC,OTHER,2024-12-16,MEDIUM,ENTERABLE_TIER_B,TRIGGERED,76.1677,78.4509,58.6162,97.2931,58.73688165906944,-56.62749385077884,8.99978011014895,3.278417212913576,52.48214285714288,1.264860429908303,TRANSITION,,LOW,2024-12-16 09:32:00+05:30,1276.35,24.461839530332952,-97.18309859154952,156,CLOSED_INTRADAY,2024-12-16 09:38:00+05:30,1280.1790499999995,597.3317999999532,291.69272780051074,305.63907219944247,106.97367526980486,198.6653969296376,True,True,True,True,True,True,4.360089317193561,-0.3329807654640193,17.859521291181892,-0.3329807654640193,17.859521291181892,-29.161280213107688,6,31,6.0,1
KALYANKJIL,Consumer Durables,2023-12-01,LOW,ENTERABLE_TIER_B,TRIGGERED,78.8827,79.5286,58.4634,97.2931,62.040587226591136,-29.9544419134396,18.042502661321087,3.0480851044514288,13.867857142857137,0.8210240190447634,UPWARD,,LOW,2023-12-01 11:14:00+05:30,333.6,25.00000000000101,-89.99999999999773,599,CLOSED_INTRADAY,2023-12-01 11:20:00+05:30,334.6008,599.4792,292.5716759557552,306.9075240442448,107.41763341548568,199.48989062875916,True,True,True,True,True,False,1.0041966426858506,-0.6594724220623682,2.218225419664255,-4.061750599520386,18.405275779376492,-6.759592326139097,6,31,6.0,1
KAYNES,OTHER,2023-08-04,LOW,ENTERABLE_TIER_B,TRIGGERED,83.3433,81.5635,53.2688,97.2931,59.75642207103176,-51.03334899013623,16.98196192474295,3.191813105059842,74.08214285714288,1.947021964293143,SIDEWAYS,,LOW,2023-08-04 09:56:00+05:30,1820.0,25.849056603773462,-87.5,109,CLOSED_INTRADAY,2023-08-04 09:59:00+05:30,1825.46,595.1399999999782,290.79560636684,304.3443936331382,106.52053777159838,197.82385586153984,True,True,True,True,False,False,0.7692307692307665,-1.6483516483516536,1.5329670329670364,-7.417582417582413,22.96703296703297,-7.417582417582413,6,31,3.0,1
KAYNES,OTHER,2024-09-04,LOW,ENTERABLE_TIER_B,TRIGGERED,75.7073,84.7073,49.0733,97.2931,58.46363490044929,-60.42383292383297,13.935810740882507,2.827805576961447,239.2964285714285,1.2102321693045242,TRANSITION,,LOW,2024-09-04 09:19:00+05:30,4805.2,27.19236209335213,-81.05065666041317,41,CLOSED_INTRADAY,2024-09-04 09:20:00+05:30,4819.615599999999,591.039599999959,289.11727954567755,301.9223204542814,105.67281215899852,196.2495082952829,True,True,True,True,True,True,4.058103720968953,-0.7949721135436572,5.063264796470501,-4.228752185132767,22.99071838841256,-4.228752185132767,6,31,1.0,1
KEI,Capital Goods,2023-09-11,MEDIUM,ENTERABLE_TIER_B,TRIGGERED,74.4474,77.1711,53.6271,97.2931,55.33419972651838,-53.05711987127904,7.357778061436376,1.6054952817023322,68.57499999999997,1.1916259793173063,SIDEWAYS,,LOW,2023-09-11 11:31:00+05:30,2581.9,27.47252747252911,-93.51851851851976,77,CLOSED_INTRADAY,2023-09-11 12:42:00+05:30,2589.6457,596.4189,291.3190704609734,305.0998295390266,106.78494033865933,198.3148892003673,True,True,False,True,True,False,0.6952244471125857,-0.0697161005461133,3.9060381889306273,-3.7491769627018954,7.128471280839688,-8.726131918354707,6,31,71.0,1
KEI,Capital Goods,2024-07-02,MEDIUM,ENTERABLE_TIER_B,TRIGGERED,74.3512,80.9992,49.2886,97.2931,57.12900364512643,-66.10708725377383,10.114746251925226,1.9440245344666829,170.2821428571429,0.8289424603206642,UPWARD,,LOW,2024-07-02 11:25:00+05:30,4537.95,19.01041666666586,-97.54098360655586,44,CLOSED_INTRADAY,2024-07-02 12:26:00+05:30,4551.56385,599.0094,292.3793830232164,306.6300169767836,107.32050594187426,199.30951103490932,True,True,True,True,True,True,1.1469936865765362,-0.3294439118985415,5.113542458599141,-1.2770083407706134,5.113542458599141,-13.48516400577353,6,31,61.0,1
KIRLOSENG,OTHER,2023-09-26,LOW,ENTERABLE_TIER_B,TRIGGERED,79.8482,76.1499,61.5161,97.2931,58.72195066781653,-50.17772511848344,10.154591187666412,1.1706137664709717,25.4642857142857,1.1936868694404572,SIDEWAYS,,LOW,2023-09-26 11:50:00+05:30,509.25,29.940119760478964,-96.0000000000006,392,CLOSED_INTRADAY,2023-09-26 11:52:00+05:30,510.77775,598.8779999999882,292.325599942468,306.55240005752023,107.29334002013208,199.25906003738817,True,True,True,True,True,True,0.913107511045652,-0.2258222876779569,9.661266568483072,-0.2356406480117812,13.411880216003924,-2.680412371134011,6,31,2.0,1
KOTAKBANK,Financial Services,2025-04-11,MEDIUM,ENTERABLE_TIER_B,TRIGGERED,74.9784,77.8474,52.892,98.5,57.61092029049212,-45.26524541398124,6.369209371703028,1.5257124636517447,53.52500000000001,1.006851913661725,SIDEWAYS,UPWARD,HIGH,2025-04-11 11:50:00+05:30,426.4,26.92307692307625,-88.23529411764765,469,CLOSED_SWING,2025-04-17 12:42:00+05:30,430.664,1999.816,294.214484576496,1705.601515423504,596.9605303982264,1108.6409850252776,False,False,False,True,True,True,0.1876172607879977,-1.1491557223264448,7.973733583489673,-1.6181988742964282,7.973733583489673,-3.822701688555341,6,31,8692.0,5
KPITTECH,Information Technology,2023-12-15,LOW,ENTERABLE_TIER_B,TRIGGERED,80.3946,76.6927,51.8174,97.2931,62.53829317743997,-25.498981670061248,13.411519978307238,2.4944555814056257,44.34285714285716,1.7618245744281291,UPWARD,,LOW,2023-12-15 09:22:00+05:30,1471.85,27.604166666666643,-87.47346072186826,135,CLOSED_INTRADAY,2023-12-15 09:28:00+05:30,1476.2655499999998,596.099249999973,291.1882351355455,304.9110148644275,106.71885520254963,198.1921596618779,True,True,True,True,True,True,5.302850154567396,-0.2140163739511424,5.302850154567396,-3.108333050242895,7.619662329721111,-9.871929884159393,6,31,6.0,1
KPITTECH,Information Technology,2024-09-12,MEDIUM,ENTERABLE_TIER_B,TRIGGERED,76.4404,78.6205,48.7937,97.2931,58.432973314347045,-38.78887070376435,5.79320091702289,0.0071535947539088,51.22142857142858,1.5183986698977576,UPWARD,,LOW,2024-09-12 12:27:00+05:30,1842.25,29.559748427673668,-81.34328358208968,108,CLOSED_INTRADAY,2024-09-12 12:37:00+05:30,1847.77675,596.8889999999784,291.511486185934,305.37751381404445,106.88212983491556,198.4953839791289,True,False,False,False,False,False,0.3121183335595079,-0.6649477541050386,0.960781652870124,-9.561677296783833,0.960781652870124,-27.3469941647442,6,31,10.0,1
LEMONTREE,OTHER,2023-10-03,LOW,ENTERABLE_TIER_B,TRIGGERED,77.6877,78.1457,57.6425,97.2931,59.59027730017929,-52.26586102719028,11.857043135620131,2.4764952316744235,6.128571428571428,0.805085097460148,SIDEWAYS,,LOW,2023-10-03 11:27:00+05:30,117.75,29.9999999999997,-88.23529411764765,1698,CLOSED_INTRADAY,2023-10-03 11:27:00+05:30,118.10325,599.818499999983,292.710554184811,307.10794581517206,107.4877810353102,199.62016477986185,True,True,False,True,True,False,0.6369426751592355,-1.2314225053078554,3.1847133757961776,-2.335456475583864,6.32696390658174,-14.43736730360934,6,31,0.0,1
LODHA,Realty,2024-12-30,LOW,ENTERABLE_TIER_B,TRIGGERED,76.4868,82.2899,39.3085,98.5,57.6061685838337,-67.91390728476819,7.796175577190545,2.8171977499499983,54.79999999999997,2.252870153376451,SIDEWAYS,UPWARD,LOW,2024-12-30 09:16:00+05:30,1391.15,24.16020671834613,-85.35031847133736,143,CLOSED_INTRADAY,2024-12-30 09:16:00+05:30,1395.32345,596.8033499999857,291.4764289495101,305.3269210504756,106.86442236766646,198.4624986828092,True,True,True,True,True,False,5.035402364949859,-1.2723286489594976,5.035402364949859,-3.59414872587428,5.035402364949859,-24.292851238184245,6,31,0.0,1
LUPIN,Healthcare,2024-02-29,LOW,ENTERABLE_TIER_B,TRIGGERED,77.5965,78.2834,43.3924,97.2931,66.65155770372178,-24.38616071428583,11.187343486398332,2.5397976527370627,36.65357142857143,2.258930032007428,SIDEWAYS,,NORMAL,2024-02-29 09:23:00+05:30,1598.9,29.660023446658627,-88.57142857142875,125,CLOSED_INTRADAY,2024-02-29 09:24:00+05:30,1603.6967,599.5875,292.616004020025,306.971495979975,107.44002359299124,199.53147238698372,True,True,True,True,True,True,1.9450872474826355,-0.3690036900369065,6.323097129276367,-0.3690036900369065,6.588904872099555,-2.9582838201263506,6,31,1.0,1
MANAPPURAM,OTHER,2024-07-26,LOW,ENTERABLE_TIER_B,TRIGGERED,77.2062,84.836,47.2517,97.2931,54.454170259740174,-58.22742474916385,7.8716500525025,2.152705566901372,8.83357142857143,2.0477686258249337,TRANSITION,,LOW,2024-07-26 09:32:00+05:30,205.5,29.831932773109628,-82.83582089552108,973,CLOSED_INTRADAY,2024-07-26 09:36:00+05:30,206.1165,599.8544999999708,292.725289275427,307.12921072454384,107.49522375359034,199.6339869709535,True,True,True,True,True,True,4.160583941605855,0.0,5.892944038929437,0.0,8.121654501216536,-4.934306569343061,6,31,4.0,1
MAXHEALTH,Healthcare,2024-02-27,MEDIUM,ENTERABLE_TIER_B,TRIGGERED,79.0706,83.9,56.2862,98.5,57.39962619785416,-69.88372093023258,11.89161585982068,3.1528020335029248,30.32857142857143,1.4207366038279965,SIDEWAYS,UPWARD,NORMAL,2024-02-27 09:16:00+05:30,827.65,17.338709677419814,-99.17355371900808,241,CLOSED_INTRADAY,2024-02-27 09:16:00+05:30,830.1329499999999,598.3909499999759,292.1262464456757,306.26470355430024,107.19264624400508,199.07205731029515,True,True,True,True,True,False,4.138222678668524,-0.4410076723252554,4.941702410439186,-14.643871201594871,8.113332930586603,-14.643871201594871,6,31,0.0,1
MCX,Financial Services,2024-02-16,LOW,ENTERABLE_TIER_B,TRIGGERED,74.7231,79.0285,55.427,97.2931,56.21929157889401,-58.05873925501432,12.213518040895254,2.573210514343512,180.1071428571429,0.9843336015146656,SIDEWAYS,,NORMAL,2024-02-16 10:33:00+05:30,712.0,25.0,-100.0,280,CLOSED_INTRADAY,2024-02-16 10:36:00+05:30,714.136,598.08,291.99897210048,306.08102789952,107.128359764832,198.952668134688,True,True,True,True,True,True,1.8258426966292207,-0.4213483146067398,5.758426966292141,-0.4213483146067398,8.98876404494382,-13.62359550561798,6,31,3.0,1
MPHASIS,Information Technology,2024-01-12,LOW,ENTERABLE_TIER_B,TRIGGERED,80.4523,80.1766,51.8929,97.2931,60.248071332508026,-40.25878003696861,7.986811480784076,1.3643494651064374,76.23928571428564,2.565621644174996,TRANSITION,,LOW,2024-01-12 10:15:00+05:30,2603.0,27.00729927007248,-97.98994974874329,76,CLOSED_INTRADAY,2024-01-12 10:37:00+05:30,2610.809,593.4839999999772,290.117792198504,303.36620780147325,106.17817273051564,197.1880350709576,True,True,True,True,False,False,1.0526315789473717,-1.9170188244333477,1.990011525163271,-8.640030733768732,4.805993084902038,-8.966577026507883,6,31,22.0,1
NBCC,OTHER,2025-06-25,LOW,ENTERABLE_TIER_B,TRIGGERED,78.6761,76.9928,55.2986,97.2931,62.17444987517652,-33.39090385722502,14.303504183934391,2.2174069468198185,4.319285714285712,1.0517919289594269,SIDEWAYS,,LOW,2025-06-25 12:26:00+05:30,124.52,23.333333333333695,-87.27272727272845,1606,CLOSED_INTRADAY,2025-06-25 14:13:00+05:30,124.89355999999998,599.9373599999678,292.7592045423281,307.1781554576398,107.51235441017393,199.66580104746583,True,True,False,False,False,False,0.6745904272406067,-0.5380661741085757,0.8271763572117008,-5.011243173787339,0.8271763572117008,-14.38323160938002,6,31,107.0,1
NCC,OTHER,2023-09-26,LOW,ENTERABLE_TIER_B,TRIGGERED,79.9137,77.7167,50.6549,97.2931,55.99848766969816,-41.79389312977104,8.558377342389386,-0.1737397775481206,8.442857142857145,1.998027239516313,SIDEWAYS,,LOW,2023-09-26 12:03:00+05:30,154.25,27.77777777777689,-95.65217391304252,1296,CLOSED_INTRADAY,2023-09-26 12:13:00+05:30,154.71274999999997,599.7239999999612,292.671874571944,307.0521254280172,107.468243899806,199.58388152821115,True,True,True,True,True,False,4.311183144246367,-0.0648298217179821,4.959481361426255,-0.0648298217179821,9.756888168557554,-11.474878444084268,6,31,10.0,1
NLCINDIA,Power,2025-04-21,MEDIUM,ENTERABLE_TIER_B,TRIGGERED,75.712,77.8795,55.765,97.2931,58.191515449662816,-16.229057264316097,5.802249856430454,1.0342545666011245,10.274285714285712,0.8264466008345738,UPWARD,,NORMAL,2025-04-21 10:09:00+05:30,245.49,22.86821705426324,-87.99999999999955,814,CLOSED_INTRADAY,2025-04-21 10:30:00+05:30,246.22647,599.4865799999837,292.5746966493315,306.91188335065226,107.41915917272829,199.492724177924,True,True,True,True,True,False,1.1446494765570805,-0.7250804513422193,2.122286040164556,-4.02867733919916,4.973726017353042,-13.295857265061716,6,31,21.0,1
NMDC,Metals & Mining,2024-02-22,LOW,ENTERABLE_TIER_B,TRIGGERED,78.7068,80.8588,62.7293,97.2931,56.95728330942542,-46.04810996563576,12.522576060088474,2.980420854275696,10.496428571428568,0.9015128817259226,TRANSITION,,NORMAL,2024-02-22 09:30:00+05:30,70.95,11.53846153846102,-95.99999999999908,2818,CLOSED_INTRADAY,2024-02-22 09:37:00+05:30,71.16284999999999,599.8112999999718,292.7076071666877,307.1036928332841,107.48629249164942,199.61740034163464,True,True,True,True,True,False,3.030303030303028,-0.5637773079633646,3.523608174770976,-2.494714587737834,8.062015503875974,-16.109936575052853,6,31,7.0,1
NUVAMA,OTHER,2025-07-17,MEDIUM,ENTERABLE_TIER_B,TRIGGERED,82.2188,78.1093,56.718,97.2931,58.030633130783066,-50.25491624180626,10.243136411618751,1.1449686173891829,347.4642857142857,1.9302861810899128,SIDEWAYS,,LOW,2025-07-17 10:10:00+05:30,1556.0,16.92307692307692,-86.79245283018868,128,CLOSED_INTRADAY,2025-07-17 11:24:00+05:30,1560.668,597.504,291.763210650624,305.740789349376,107.0092762722816,198.7315130770944,True,True,True,True,False,False,0.8354755784061751,-1.510282776349614,1.3496143958869,-3.759640102827766,1.3496143958869,-18.862467866323907,6,31,74.0,1
OFSS,Information Technology,2024-08-12,LOW,ENTERABLE_TIER_B,TRIGGERED,74.1417,86.7368,43.6444,97.2931,56.63826991540577,-38.56571754915562,10.0740598569127,0.6730169162640282,435.1107142857148,0.8698422865508926,SIDEWAYS,,NORMAL,2024-08-12 09:17:00+05:30,10157.5,14.785992217898835,-91.6030534351145,19,CLOSED_INTRADAY,2024-08-12 09:21:00+05:30,10187.972499999998,578.977499999962,284.18016464236496,294.79733535759703,103.17906737515897,191.61826798243808,True,True,True,True,True,True,2.879645582082202,-0.265813438346052,6.226925916810244,-0.265813438346052,20.374107802116654,-0.265813438346052,6,31,4.0,1
PCBL,OTHER,2023-12-14,LOW,ENTERABLE_TIER_B,TRIGGERED,80.2223,76.6721,58.4079,97.2931,63.06129637753968,-57.017543859649145,19.598334402942093,4.530590206484041,11.507142857142863,0.9708405340524496,UPWARD,,LOW,2023-12-14 09:41:00+05:30,255.4,27.92792792792852,-80.68181818181782,783,CLOSED_INTRADAY,2023-12-14 09:44:00+05:30,256.1662,599.9346,292.7580748520476,307.1765251479524,107.51178380178334,199.66474134616905,True,True,True,True,True,True,4.63978073610023,-0.2545027407987454,5.520751761942044,-7.654659357870008,31.675802662490216,-7.654659357870008,6,31,3.0,1
PFC,Financial Services,2024-01-01,LOW,ENTERABLE_TIER_B,TRIGGERED,77.6774,84.5591,56.0698,98.5,62.87754586101919,-55.79470198675497,18.678997892804496,4.078598696241345,16.66071428571428,0.8634884158837068,UPWARD,UPWARD,LOW,2024-01-01 11:44:00+05:30,397.45,22.72727272727265,-86.04651162790667,503,CLOSED_INTRADAY,2024-01-01 11:47:00+05:30,398.64235,599.7520499999799,292.68335566338226,307.0686943365976,107.47404301780917,199.59465131878844,True,True,False,True,True,False,0.5409485469870523,-0.8931941124669773,3.8369606239778697,-3.6985784375393127,20.216379418794816,-4.59177255000629,6,31,3.0,1
PFC,Financial Services,2024-07-29,MEDIUM,ENTERABLE_TIER_B,TRIGGERED,76.7547,76.5404,53.7022,98.5,60.21769971829757,-36.19999999999997,10.95078652360951,1.8904510638775127,21.50357142857144,0.7478255291306822,TRANSITION,UPWARD,LOW,2024-07-29 09:59:00+05:30,539.9,27.131782945737044,-87.32394366197359,370,CLOSED_INTRADAY,2024-07-29 10:08:00+05:30,541.5197,599.289,292.493825560334,306.795174439666,107.3783110538831,199.4168633857829,True,True,True,True,True,False,2.7690313020929835,-0.0833487682904143,4.185960363030206,-9.112798666419708,4.9083163548805375,-12.696795702907938,6,31,9.0,1
PHOENIXLTD,Realty,2024-02-02,LOW,ENTERABLE_TIER_B,TRIGGERED,81.4618,79.6298,53.7628,97.2931,55.54397768545091,-33.076923076923016,8.313814340584287,0.6706928799475147,130.89642857142863,1.55919189927766,SIDEWAYS,,LOW,2024-02-02 09:51:00+05:30,1216.65,23.40740740740732,-87.89237668161412,164,CLOSED_INTRADAY,2024-02-02 10:29:00+05:30,1220.29995,598.5917999999836,292.2084559720708,306.3833440279128,107.23417040976948,199.1491736181433,True,True,True,True,True,True,3.152097973944845,-1.1876875025685352,16.557761065220046,-1.1876875025685352,22.122220852340437,-1.1876875025685352,6,31,38.0,1
PNB,Financial Services,2023-08-11,LOW,ENTERABLE_TIER_B,TRIGGERED,74.9114,79.458,46.7918,98.5,59.98117247955597,-25.233644859813104,9.398304941553643,1.6970960591387387,1.767857142857144,0.9494411633392528,SIDEWAYS,UPWARD,LOW,2023-08-11 10:15:00+05:30,60.79,29.268292682926443,-87.17948717948792,3290,CLOSED_INTRADAY,2023-08-11 10:16:00+05:30,60.97236999999999,599.9972999999671,292.7837384682037,307.21356153176333,107.52474653611716,199.68881499564617,True,True,True,True,True,False,1.1186050337226527,-0.3948017766080003,2.319460437571985,-3.125514064813284,30.0542852442836,-3.125514064813284,6,31,1.0,1
POWERINDIA,Capital Goods,2025-06-20,LOW,ENTERABLE_TIER_B,TRIGGERED,78.1724,80.9978,45.8082,97.2931,60.00013103181444,-45.1216102879508,16.38009152801395,3.1598998224171924,868.0714285714286,1.8837207549331616,SIDEWAYS,,LOW,2025-06-20 09:23:00+05:30,18140.0,26.863354037267072,-98.64077669902912,11,CLOSED_INTRADAY,2025-06-20 09:27:00+05:30,18194.42,598.62,292.21999845972,306.40000154028,107.240000539098,199.160001001182,True,True,True,True,True,True,5.264608599779486,-0.35281146637266,11.471885336273434,-0.35281146637266,17.888643880926125,-0.35281146637266,6,31,4.0,1
PREMIERENE,Capital Goods,2025-06-09,LOW,ENTERABLE_TIER_B,TRIGGERED,76.9415,90.2051,48.883,97.2931,55.55544866645878,-47.10526315789468,4.606579531827284,1.648790274815861,33.96071428571429,2.637779696107251,TRANSITION,,LOW,2025-06-09 10:18:00+05:30,1072.5,26.37362637362638,-83.33333333333267,186,CLOSED_INTRADAY,2025-06-09 12:03:00+05:30,1075.7175,598.455,292.15246262773,306.30253737227,107.2058880802945,199.0966492919755,True,True,False,True,True,False,0.60606060606061,-1.7622377622377727,4.410256410256408,-7.673659673659672,5.958041958041971,-10.666666666666668,6,31,105.0,1
PRESTIGE,Realty,2023-09-13,LOW,ENTERABLE_TIER_B,TRIGGERED,80.4944,78.5129,55.4338,97.2931,54.52984103144002,-56.05415860735013,7.133066998863042,2.7240325260568974,29.18571428571429,1.9740155118005245,TRANSITION,,LOW,2023-09-13 09:38:00+05:30,611.0,25.438596491228186,-95.65217391304348,327,CLOSED_INTRADAY,2023-09-13 09:57:00+05:30,612.833,599.391,292.535574983746,306.855425016254,107.3993987556889,199.4560262605651,True,True,True,True,True,False,1.882160392798693,-2.1194762684124457,3.911620294599016,-2.8477905073649668,34.14075286415712,-3.232405891980361,6,31,19.0,1
PRESTIGE,Realty,2024-06-28,LOW,ENTERABLE_TIER_B,TRIGGERED,79.9817,82.3414,61.1135,97.2931,56.33315776652194,-59.30989583333338,17.497410946624846,5.187095261949192,100.67857142857147,0.9946065785892464,UPWARD,,LOW,2024-06-28 11:11:00+05:30,1866.5,29.97237569060789,-81.25,107,CLOSED_INTRADAY,2024-06-28 12:14:00+05:30,1872.0995,599.1464999999786,292.435499159979,306.7110008399996,107.34885029399987,199.36215054599973,True,True,True,True,False,False,2.6547013126172025,-0.3509241896597848,2.6547013126172025,-5.384409322260919,2.705598714170909,-14.68791856415752,6,31,63.0,1
RBLBANK,OTHER,2023-12-04,MEDIUM,ENTERABLE_TIER_B,TRIGGERED,78.9462,81.9183,47.5135,97.2931,54.7798755155068,-49.35483870967746,4.041765300268893,0.1805168310442198,8.614285714285712,1.4227152125764746,UPWARD,,LOW,2023-12-04 10:15:00+05:30,238.15,28.787878787878583,-83.33333333333356,839,CLOSED_INTRADAY,2023-12-04 13:43:00+05:30,238.86445,599.4235499999833,292.5488979615113,306.87465203847194,107.40612821346518,199.4685238250068,True,True,True,True,True,True,2.456435019945413,-0.398908251102259,17.82490027293724,-0.398908251102259,26.264959059416327,-0.398908251102259,6,31,208.0,1
RBLBANK,OTHER,2023-12-28,LOW,ENTERABLE_TIER_B,TRIGGERED,77.539,85.9253,47.3398,97.2931,54.47379113445157,-67.75956284153014,7.779683005174926,2.5842218527267606,12.664285714285716,1.0665210229992812,UPWARD,,NORMAL,2023-12-28 11:02:00+05:30,264.0,19.99999999999848,-100.0,757,CLOSED_INTRADAY,2023-12-28 11:21:00+05:30,264.792,599.544,292.598199118864,306.945800881136,107.4310303083976,199.5147705727384,True,True,True,True,True,True,2.2916666666666696,0.0,10.587121212121197,0.0,13.901515151515142,-8.333333333333337,6,31,19.0,1
RELIANCE,Oil Gas & Consumable Fuels,2024-01-24,LOW,ENTERABLE_TIER_B,TRIGGERED,74.5886,81.1364,41.3097,98.5,57.90637371922662,-46.95244474212992,5.599023449852376,1.964706045307974,56.77142857142859,1.95532924375534,SIDEWAYS,TRANSITION,LOW,2024-01-24 11:00:00+05:30,1329.0,25.609756097560435,-100.0,150,CLOSED_INTRADAY,2024-01-24 13:00:00+05:30,1332.987,598.049999999985,291.9866928583,306.063307141685,107.12215749958976,198.94114964209527,True,True,True,True,True,True,1.5425131677953452,-0.3386004514672636,9.857035364936053,-0.3386004514672636,13.803611738148993,-0.3386004514672636,6,31,120.0,1
RPOWER,OTHER,2023-11-29,LOW,ENTERABLE_TIER_B,TRIGGERED,82.3757,80.4221,64.2516,97.2931,58.57191244967993,-64.28571428571429,11.458866251757586,3.3749400051992526,1.1499999999999992,0.8123450104792629,TRANSITION,,LOW,2023-11-29 10:36:00+05:30,21.0,28.571428571428143,-100.0,9523,CLOSED_INTRADAY,2023-11-29 14:22:00+05:30,21.063,599.949,292.763968888294,307.185031111706,107.5147608890971,199.6702702226089,True,True,True,True,True,True,3.095238095238084,-1.1904761904761862,11.428571428571432,-1.6666666666666718,57.85714285714285,-1.904761904761898,6,31,226.0,1
RPOWER,OTHER,2023-12-29,LOW,ENTERABLE_TIER_B,TRIGGERED,77.5105,80.869,51.4166,97.2931,56.45253861472274,-41.30434782608695,10.57847575316612,1.7348456514306982,1.2607142857142857,0.9977919646689096,UPWARD,,LOW,2023-12-29 10:15:00+05:30,22.4,18.18181818181759,-100.0,8928,CLOSED_INTRADAY,2023-12-29 10:17:00+05:30,22.467199999999995,599.9615999999554,292.76912617000954,307.1924738299458,107.51736584048103,199.6751079894648,True,True,True,True,True,True,4.464285714285721,-0.2232142857142682,47.32142857142858,-0.2232142857142682,47.991071428571445,-0.2232142857142682,6,31,2.0,1
SHRIRAMFIN,Financial Services,2024-07-15,MEDIUM,ENTERABLE_TIER_B,TRIGGERED,76.2343,80.942,51.3807,98.5,60.396613654754965,-49.97884045704605,9.633913801995009,1.9384524561567984,77.68928571428566,0.8971927321619549,UPWARD,UPWARD,LOW,2024-07-15 11:14:00+05:30,570.25,29.62962962963041,-100.0,350,CLOSED_INTRADAY,2024-07-15 12:53:00+05:30,571.96075,598.7625,292.278324860075,306.484175139925,107.26946129897377,199.21471384095125,True,True,True,True,False,False,1.3239807102148005,-0.2630425252082458,1.7097764138535698,-6.5848312143796495,14.651468654099077,-7.56685664182376,6,31,99.0,1
SIEMENS,Capital Goods,2024-06-12,LOW,ENTERABLE_TIER_B,TRIGGERED,75.3952,87.8187,49.8208,98.5,58.33312423179077,-18.33136715165813,14.45169004976128,2.1275828611975136,305.27500000000003,0.9801442869707956,TRANSITION,UPWARD,LOW,2024-06-12 10:57:00+05:30,5395.6,28.976034858388417,-90.87999999999884,37,CLOSED_SWING,2024-06-13 09:16:00+05:30,5449.5560000000005,1996.3720000000185,293.78908649743204,1702.5829135025865,595.9040197259053,1106.6788937766812,False,False,False,True,True,True,0.2159166728445294,-0.6644302765216215,11.723441322559117,-0.6644302765216215,12.509266809993314,-6.320891096448966,6,31,1339.0,2
SUPREMEIND,Capital Goods,2024-07-02,LOW,ENTERABLE_TIER_B,TRIGGERED,78.6719,80.9035,54.9415,97.2931,58.9222729576492,-58.55699083060033,12.271442449892442,2.245191797980423,240.2035714285714,1.0610866066699791,UPWARD,,LOW,2024-07-02 10:05:00+05:30,5951.05,29.726027397260523,-100.0,33,CLOSED_INTRADAY,2024-07-02 10:59:00+05:30,5968.903149999999,589.153949999967,288.34546777845367,300.8084822215133,105.28296877752966,195.52551344398367,True,True,True,True,True,True,1.9996471210962816,-1.3955520454373649,6.2056275783265225,-1.3955520454373649,6.2056275783265225,-17.324673797061017,6,31,54.0,1
SUZLON,Capital Goods,2023-09-14,LOW,ENTERABLE_TIER_B,TRIGGERED,78.4874,83.6882,60.6228,97.2931,56.1092801894877,-71.02803738317756,18.53938102934912,4.042650188603392,1.3357142857142856,1.0420664821734111,TRANSITION,,LOW,2023-09-14 10:18:00+05:30,22.8,27.272727272727156,-100.0,8771,CLOSED_INTRADAY,2023-09-14 10:26:00+05:30,22.9,877.1,293.0463427882,584.0536572118,204.41878002413,379.63487718767,True,True,True,True,True,True,1.9736842105263053,-0.4385964912280715,15.131578947368409,-0.4385964912280715,49.56140350877194,-0.4385964912280715,6,31,8.0,1
SWIGGY,Consumer Services,2025-08-19,LOW,ENTERABLE_TIER_B,TRIGGERED,74.1206,80.0626,44.9173,97.2931,57.34614733304068,-13.292117465224138,6.465383796434064,0.7631046049500402,15.021428571428572,0.8295909326910359,SIDEWAYS,,LOW,2025-08-19 09:49:00+05:30,401.55,29.411764705883144,-86.66666666666742,498,CLOSED_INTRADAY,2025-08-19 10:20:00+05:30,402.75465,599.915699999985,292.7503389294742,307.16536107051087,107.5078763746788,199.65748469583207,True,True,True,True,True,True,2.2911219026273244,-0.0124517494707987,10.422114307060127,-0.0124517494707987,18.04258498319013,-0.0124517494707987,6,31,31.0,1
SYRMA,OTHER,2025-06-09,HIGH,ENTERABLE_TIER_B,TRIGGERED,78.0494,77.0566,57.613,97.2931,59.46805927535062,-51.258992805755376,7.8449668654707665,2.1024256677750826,16.732142857142865,0.9836384418640156,TRANSITION,,LOW,2025-06-09 10:42:00+05:30,536.1,28.28282828282721,-100.0,373,CLOSED_INTRADAY,2025-06-09 10:50:00+05:30,537.7083,599.8959,292.7422346296354,307.1536653703646,107.5037828796276,199.64988249073696,True,True,True,True,True,False,2.3689610147360485,-0.0466330908412637,2.490207050923332,-4.635329229621343,35.93545980227568,-6.733818317478091,6,31,8.0,1
TATAPOWER,Power,2025-06-06,MEDIUM,ENTERABLE_TIER_B,TRIGGERED,74.0518,80.5908,45.8475,98.5,55.70879576549124,-46.700507614213166,3.53251301118367,0.7097063158222566,7.792857142857132,0.9181941290254872,TRANSITION,UPWARD,LOW,2025-06-06 09:38:00+05:30,393.75,28.571428571429337,-80.55555555555442,507,CLOSED_INTRADAY,2025-06-06 10:24:00+05:30,394.93125,598.89375,292.3320465446125,306.5617034553875,107.29659620938564,199.26510724600183,True,True,True,True,True,True,1.7904761904761868,-0.3428571428571447,5.853968253968267,-0.3428571428571447,5.853968253968267,-3.0857142857142805,6,31,46.0,1
TATASTEEL,Metals & Mining,2025-07-18,LOW,ENTERABLE_TIER_B,TRIGGERED,74.0927,77.5267,44.1105,98.5,57.67964395043423,-54.41426146010184,4.363414862730087,0.6666244098208612,3.172857142857144,1.2025989422956953,SIDEWAYS,UPWARD,LOW,2025-07-18 10:08:00+05:30,161.92,24.99999999999873,-80.00000000000162,1235,CLOSED_INTRADAY,2025-07-18 15:07:00+05:30,162.40575999999996,599.9135999999506,292.74947938252154,307.16412061742903,107.50744221610016,199.6566784013289,True,True,False,True,True,False,0.5125988142292481,-0.9757905138339852,2.2727272727272707,-0.9757905138339852,2.2727272727272707,-5.811511857707508,6,31,299.0,1
TEGA,OTHER,2024-07-03,LOW,ENTERABLE_TIER_B,TRIGGERED,77.0806,77.1221,56.0305,97.2931,57.57770705497418,-46.589085072231136,8.886961982673919,1.633429743839704,50.2142857142857,2.835011565920274,TRANSITION,,LOW,2024-07-03 10:39:00+05:30,1639.5,27.87456445993004,-87.27272727272782,121,CLOSED_INTRADAY,2024-07-03 11:52:00+05:30,1644.4184999999998,595.1384999999758,290.794992404731,304.34350759524483,106.52022765833568,197.82327993690916,True,True,True,True,True,True,2.470265324794152,-1.0033546813052796,16.97773711497408,-1.0033546813052796,20.17078377554133,-1.0033546813052796,6,31,73.0,1
TEJASNET,OTHER,2023-08-07,LOW,ENTERABLE_TIER_B,TRIGGERED,76.7102,81.312,52.0569,97.2931,59.67002211342771,-48.58283433133725,11.601571016095749,2.350008080148878,38.00714285714288,0.9830832664914804,SIDEWAYS,,LOW,2023-08-07 11:30:00+05:30,856.0,27.635327635327656,-89.09090909090868,233,CLOSED_INTRADAY,2023-08-07 11:36:00+05:30,858.5679999999999,598.3439999999767,292.107029431664,306.2369705683127,107.18293969890944,199.05403086940328,True,False,False,False,False,False,0.3387850467289732,-3.2301401869158863,0.3387850467289732,-6.892523364485981,9.217289719626166,-6.892523364485981,6,31,6.0,1
TIINDIA,Automobile and Auto Components,2024-07-03,MEDIUM,ENTERABLE_TIER_B,TRIGGERED,75.9374,82.9176,53.8982,97.2931,55.40700425299426,-41.83426345161623,6.945031455418299,2.195790257464864,161.78928571428574,1.0095509810556371,TRANSITION,,LOW,2024-07-03 09:50:00+05:30,4136.05,29.19463087248323,-100.0,48,CLOSED_INTRADAY,2024-07-03 09:53:00+05:30,4148.9,616.8,291.0022883056,325.7977116944,114.02919909304,211.76851260136,True,True,True,True,True,True,2.271490915245211,-0.4666287883366982,13.192538774918084,-0.4666287883366982,13.192538774918084,-6.686331161373782,6,31,3.0,1
TIMKEN,OTHER,2024-07-03,LOW,ENTERABLE_TIER_B,TRIGGERED,76.6496,81.8067,55.0002,97.2931,57.91442973103843,-59.23876963930067,13.60267472447496,2.813740226886344,192.217857142857,1.5536335743959648,TRANSITION,,LOW,2024-07-03 12:15:00+05:30,4421.0,24.254742547425224,-100.0,45,CLOSED_INTRADAY,2024-07-03 12:16:00+05:30,4434.263,596.835,291.48938355001,305.34561644999,106.8709657574965,198.4746506924935,True,True,False,True,True,False,0.6559601900022693,-0.429767021035965,2.577471160370948,-5.343813616828774,2.577471160370948,-17.439493327301513,6,31,1.0,1
TORNTPOWER,Power,2024-02-27,LOW,ENTERABLE_TIER_B,TRIGGERED,78.0254,83.1987,52.1347,97.2931,58.4112984304094,-47.66666666666664,12.422134565531366,2.585864238511648,63.88571428571429,1.198434138063159,SIDEWAYS,,NORMAL,2024-02-27 09:39:00+05:30,1115.5,18.65284974093392,-86.66666666666667,179,CLOSED_INTRADAY,2024-02-27 09:39:00+05:30,1118.8465,599.023499999982,292.385154267041,306.6383457329411,107.3234210065294,199.31492472641173,True,True,True,True,True,True,4.616763783056932,-0.0672344240250977,7.306140744060952,-4.571940833706856,46.39175257731958,-4.571940833706856,6,31,0.0,1
UNIONBANK,Financial Services,2024-02-15,LOW,ENTERABLE_TIER_B,TRIGGERED,74.8808,78.1153,53.8996,97.2931,59.11422275529697,-42.197802197802176,13.260457291259886,2.606929720950278,7.192857142857142,1.1332567507772369,SIDEWAYS,,NORMAL,2024-02-15 09:37:00+05:30,132.95,26.353790613718218,-92.14876033057855,1504,CLOSED_INTRADAY,2024-02-15 09:49:00+05:30,133.34884999999997,599.8703999999549,292.7317972737824,307.1386027261725,107.49851095416038,199.6400917720121,True,True,True,True,True,True,3.963896201579553,-0.3309514855208695,7.092892064685974,-0.3309514855208695,15.163595336592728,-2.4370063933809583,6,31,12.0,1
VEDL,Metals & Mining,2024-05-31,LOW,ENTERABLE_TIER_B,TRIGGERED,81.5793,81.417,52.6073,98.5,59.38547829542082,-61.886586695747006,18.55317839672052,4.735870365886386,19.54999999999999,2.1435494000165747,SIDEWAYS,UPWARD,HIGH,2024-05-31 10:04:00+05:30,408.45,25.438596491227926,-93.24324324324324,489,CLOSED_INTRADAY,2024-05-31 11:41:00+05:30,409.6753499999999,599.1961499999511,292.45582130578686,306.74032869416425,107.35911504295748,199.3812136512068,True,True,True,True,True,True,2.962418900722241,-0.4774146162320969,6.659321826416931,-17.260374586852734,8.324152283021169,-17.260374586852734,6,31,97.0,1
WHIRLPOOL,OTHER,2024-07-25,LOW,ENTERABLE_TIER_B,TRIGGERED,79.6191,79.1085,51.9952,97.2931,63.192275695395445,-30.99352051835848,14.335374754508557,3.3616070360225425,66.47142857142858,2.2386121212621988,TRANSITION,,LOW,2024-07-25 12:54:00+05:30,2050.0,27.27272727272539,-100.0,97,CLOSED_SWING,2024-07-29 09:15:00+05:30,2081.8,3084.6,293.9538487476,2790.6461512524,976.72615293834,1813.91999831406,False,False,False,True,True,True,0.1463414634146342,-1.6439024390243917,7.317073170731714,-1.6439024390243917,11.21951219512196,-2.8439024390243928,6,31,5541.0,3
WIPRO,Information Technology,2024-01-12,MEDIUM,ENTERABLE_TIER_B,TRIGGERED,82.8147,76.0325,58.5173,98.5,62.08949729991578,-49.04891304347828,8.307205007645912,1.917471884010933,12.957142857142856,1.6475241939526508,TRANSITION,UPWARD,LOW,2024-01-12 10:18:00+05:30,222.3,28.260869565217504,-100.0,899,CLOSED_INTRADAY,2024-01-12 10:26:00+05:30,222.9669,599.543099999982,292.59783074159856,306.94526925838346,107.4308442404342,199.51442501794924,True,True,True,True,True,True,0.8322087269455603,-0.1799370220422869,13.720197930724254,-0.1799370220422869,17.36392262708051,-0.1799370220422869,6,31,8.0,1
YESBANK,Financial Services,2023-12-07,MEDIUM,ENTERABLE_TIER_B,TRIGGERED,80.9474,80.6527,59.3348,97.2931,62.78441933742974,-52.38095238095233,9.920229511709511,2.746831005006169,0.7714285714285712,1.0830138355788936,UPWARD,,LOW,2023-12-07 09:27:00+05:30,19.5,24.99999999999933,-83.33333333333313,10256,CLOSED_INTRADAY,2023-12-07 09:31:00+05:30,19.5585,599.976,292.775020206256,307.200979793744,107.5203429278104,199.6806368659336,True,True,True,True,True,True,4.871794871794877,0.0,13.33333333333333,0.0,34.61538461538463,0.0,6,31,4.0,1
YESBANK,Financial Services,2025-06-04,LOW,ENTERABLE_TIER_B,TRIGGERED,74.3638,85.5993,47.6517,97.2931,55.737988532018655,-81.52173913043474,8.83090167856866,3.586269290968672,0.7307142857142852,0.8869341446353112,SIDEWAYS,,NORMAL,2025-06-04 10:59:00+05:30,20.92,26.31578947368351,-91.66666666666544,9560,CLOSED_INTRADAY,2025-06-04 11:05:00+05:30,20.98276,599.9856,292.7789495637536,307.2066504362464,107.52232765268624,199.68432278356016,True,True,True,True,False,False,2.1032504780114536,0.0,2.1032504780114536,-1.147227533460815,2.1032504780114536,-7.648183556405364,6,31,6.0,1
ZEEL,OTHER,2024-06-26,LOW,ENTERABLE_TIER_B,TRIGGERED,77.5349,85.575,41.7677,97.2931,52.67792098890995,-63.543689320388246,0.6818186588831088,1.2412291066426195,5.954285714285713,2.13007603415617,TRANSITION,,LOW,2024-06-26 09:32:00+05:30,146.67,26.08695652173944,-84.37500000000031,1363,CLOSED_INTRADAY,2024-06-26 09:32:00+05:30,147.11000999999996,599.7336299999455,292.6758162086837,307.05781379126176,107.47023482694162,199.58757896432013,True,True,True,True,True,True,5.099884093543339,-0.4295356923706195,7.015749642053604,-0.4295356923706195,9.53841958137316,-13.342878570941563,6,31,0.0,1
