symbol,signal_date,entry_date,exit_date,entry_price,exit_price,stop_price,target_price,quantity,exit_reason,gross_pnl,costs,tax_reserve,after_tax_net_pnl,return_pct,holding_sessions,mfe_pct,mae_pct,decision_hash
BPCL,2023-12-21,2023-12-22,2024-01-05,449.7,453.1,432.45,484.2,444,TIMEOUT,1509.6,439.267,374.6166,695.7165,0.3484,10,4.7031,-1.1563,b01697422c4e1b40fcb164258f16e2223d98e2ab6c398727753c6644318e6ede
PFC,2024-01-01,2024-01-02,2024-01-10,395.0,381.0,381.0,423.0,506,STOP,-7084.0,439.714,0.0,-7523.714,-3.7643,7,4.481,-3.5949,a7110cdd5a9d4212bf65a7d0a5c41f00caa364621280ef622e86ad747d9966b1
WIPRO,2024-01-12,2024-01-15,2024-01-29,511.95,473.0,455.0,625.85,390,TIMEOUT,-15190.5,439.2531,0.0,-15629.7531,-7.8282,10,3.3304,-8.7704,0f802da7505bd550296deb7c1094753d0fc780ce2e03775e8d823889fcb97a4e
COALINDIA,2024-01-19,2024-01-20,2024-01-20,386.5,401.3,379.1,401.3,517,TARGET,7651.6,439.6051,2524.1982,4687.7967,2.346,1,3.881,-0.5304,118898d2a61e6ed87c85f331a838ddbf4c16b3ecf78681a8afd6c0012323ebc0
RELIANCE,2024-01-24,2024-01-25,2024-01-29,2685.9,2762.0,2647.85,2762.0,74,TARGET,5631.4,437.2645,1817.9474,3376.1881,1.6987,2,8.1574,-0.5771,a4e9dc532062da9e06ec9ef01ec6edc3ff632cd0ee32c403db10bddf620b4160
NTPC,2024-01-25,2024-01-29,2024-02-05,317.8,335.0,309.2,335.0,629,TARGET,10818.8,439.7716,3632.6599,6746.3684,3.3749,6,7.3159,-1.6362,410a0248815c5f8f01aaa883290f12368d79b83b5657fe4d4ac690fabd60c1d9
COALINDIA,2024-02-22,2024-02-23,2024-03-06,448.0,461.6,427.95,488.1,446,TIMEOUT,6065.6,439.5776,1969.1078,3656.9146,1.8302,10,3.7835,-4.096,f589dd5cad38f0f3b378d6f04d7a9f27bdb5c2a177c024e17f90b2e7c3c4829d
MAXHEALTH,2024-02-27,2024-02-28,2024-02-29,857.0,824.0,824.0,923.0,233,STOP,-7689.0,439.2982,0.0,-8128.2982,-4.0706,2,1.3477,-9.7666,e0d97444799a797ae837a177f0f051319fc0621aa12f2ad351fcb8a77d331033
INDIGO,2024-02-29,2024-03-01,2024-03-06,3155.4,3079.0,3079.0,3308.2,63,STOP,-4813.2,437.3384,0.0,-5250.5384,-2.6412,5,1.8888,-4.1009,6ff2fe5bce7d28d891c593cbd9261c30bb3a15495fd0fac4076abef24f21c3cc
M&M,2024-03-12,2024-03-13,2024-03-13,1896.0,1876.65,1876.65,1934.7,105,STOP,-2031.75,437.976,0.0,-2469.726,-1.2406,1,0.2848,-2.7294,dd72fe61931a68b9a89402f5df8a30faa5cdb1eb400afa865c473a2675fa4e0c
HAL,2024-03-14,2024-03-15,2024-03-15,3164.95,3017.05,3017.05,3460.75,63,STOP,-9317.7,438.6621,0.0,-9756.3621,-4.8931,1,0.5561,-5.0222,b3ecdf55b67d8c8c2e9dbcae22a2a54620322a6704959bc878c5786316013c0a
ADANIPOWER,2024-04-30,2024-05-02,2024-05-06,618.0,594.25,594.25,665.5,323,STOP,-7671.25,439.1508,0.0,-8110.4008,-4.063,3,1.068,-6.4725,362c3017ba6f2c166aaf8afa4b3db46d0212f92b3b19c492f4c838b83c30f305
VEDL,2024-05-31,2024-06-03,2024-06-04,472.0,440.0,440.0,536.0,423,STOP,-13536.0,439.2432,0.0,-13975.2432,-6.9997,2,0.0424,-22.3941,0b43a41acb394843642d6fdf99083b5e55b24737ec03d40d2344accb060b4250
BEL,2024-06-07,2024-06-10,2024-06-24,288.9,309.75,268.7,329.3,692,TIMEOUT,14428.2,439.8214,4895.9325,9092.4461,4.5481,10,11.1111,-2.6999,4b091cacb0d438a95be273c473e1349f82ea8cebdc3e7d0e3c0b8ea5f3574006
HAL,2024-06-07,2024-06-10,2024-06-18,4800.0,5300.0,4550.0,5300.0,41,TARGET,20500.0,432.96,7023.464,13043.576,6.6278,6,15.9792,-1.0094,2628e3fa06565a10bb4e6fe6ccc0362a54cb7358039a6f6bd1fd0993a301ff6d
SHRIRAMFIN,2024-07-15,2024-07-16,2024-07-16,2886.9,2807.2,2807.2,3046.3,69,STOP,-5499.3,438.2314,0.0,-5937.5314,-2.9807,1,0.4538,-2.9409,70e376c0541b10e1c880d4f54dcd1b453d1c64c3856b5836860e7d5ee111e8e0
LODHA,2024-12-30,2024-12-31,2024-12-31,1395.0,1373.45,1373.45,1438.1,143,STOP,-3081.65,438.867,0.0,-3520.517,-1.7648,1,0.4695,-3.1398,4cf557f906deb02d2c8453eddf62fd32acf367179e4346b1b0b534fa6b036123
KOTAKBANK,2025-04-11,2025-04-15,2025-04-29,2145.0,2205.0,2058.5,2318.0,93,TIMEOUT,5580.0,438.867,1799.3965,3341.7365,1.6752,10,7.3147,-2.2051,bb995367373930865c5b18dd8ddecdd5e1918862e232eaba24dd8463584bb0ef
ADANIENSOL,2025-06-06,2025-06-09,2025-06-10,888.5,920.6,872.45,920.6,225,TARGET,7222.5,439.8075,2373.9424,4408.7501,2.2053,2,3.6579,-1.4069,4374bee5e7aa94f2905f02600d00d431de5272be1b12beefc6152bb1bc48eec5
TATASTEEL,2025-07-18,2025-07-21,2025-07-28,162.5,160.1,160.1,167.3,1230,STOP,-2952.0,439.725,0.0,-3391.725,-1.6969,6,1.9077,-2.0985,aed3451399aed484457e8d38c3f15e8e04860a397ef0be66c05ea3855d4bf3fe
VEDL,2026-04-27,2026-04-28,2026-04-30,747.0,720.55,720.55,799.9,267,STOP,-7062.15,438.7878,0.0,-7500.9378,-3.7608,3,4.4177,-64.0295,93e354a5894911d3eee219cc17239c25222377e0c190619ea229cff6522556c8
SHRIRAMFIN,2026-05-06,2026-05-07,2026-05-11,1009.0,976.05,976.05,1074.9,198,STOP,-6524.1,439.5204,0.0,-6963.6204,-3.4856,3,1.4618,-3.8206,e818d3b19165dd0c5f6b53d0f1f3dda9a05cb6e8512372f97ef590a063ef4d59
PFC,2026-05-08,2026-05-11,2026-05-11,457.0,455.55,455.55,459.9,437,STOP,-633.65,439.3598,0.0,-1073.0098,-0.5373,1,0.5361,-2.1007,41078e54b6d00b911232bad97188f836cb07ac564dc9495f5f0b8191eeb52ba0
