trial_id,parent_experiment,phase,trial_kind,ofactor_threshold,xfactor_tier_b,xfactor_tier_a,status,result_type,rankability,source_bundle,code_hash,data_hash,config_hash,requested_start,requested_end,actual_start,actual_end,candidate_count,accepted_positions,closed_trades,open_positions,realised_after_tax_pnl,open_net_liquidation_pnl,total_net_liquidation_pnl,h30_score,error_reason
LEGACY49_O30_X30,LEGACY_OX_THRESHOLD_SWEEP_2026_08_07,LEGACY_AGGREGATE_THRESHOLD,AGGREGATE_THRESHOLD_COMBINATION,30,30,38.0,COMPLETED,OPPORTUNITY_SCAN,NOT_RANKABLE,OIIS_49_FACTOR_ANALYSIS_BUNDLE_LITE_2026-08-07 (1).zip,,035a34e0f0ef3acace291b020ca5b7f7074ce50ca088c53b43a22f9837fbe2ab,10ad9f11820d8bb2c9225b7a0627e48f98d7cdb69e7c97c5e675d3614c2cffec,2016-01-01,2026-08-05,2021-03-08,2026-08-05,1516.0,1093.0,1083.0,10.0,472362.9476,-334376.1475,137986.8001,47.0855,
LEGACY49_O20_X50,LEGACY_OX_THRESHOLD_SWEEP_2026_08_07,LEGACY_AGGREGATE_THRESHOLD,AGGREGATE_THRESHOLD_COMBINATION,20,50,58.0,COMPLETED,OPPORTUNITY_SCAN,NOT_RANKABLE,OIIS_49_FACTOR_ANALYSIS_BUNDLE_LITE_2026-08-07 (1).zip,,035a34e0f0ef3acace291b020ca5b7f7074ce50ca088c53b43a22f9837fbe2ab,10ad9f11820d8bb2c9225b7a0627e48f98d7cdb69e7c97c5e675d3614c2cffec,2016-01-01,2026-08-05,2021-03-08,2026-08-05,1516.0,1093.0,1083.0,10.0,472362.9476,-334376.1475,137986.8001,47.0855,
LEGACY49_O30_X20,LEGACY_OX_THRESHOLD_SWEEP_2026_08_07,LEGACY_AGGREGATE_THRESHOLD,AGGREGATE_THRESHOLD_COMBINATION,30,20,28.0,COMPLETED,OPPORTUNITY_SCAN,NOT_RANKABLE,OIIS_49_FACTOR_ANALYSIS_BUNDLE_LITE_2026-08-07 (1).zip,,035a34e0f0ef3acace291b020ca5b7f7074ce50ca088c53b43a22f9837fbe2ab,10ad9f11820d8bb2c9225b7a0627e48f98d7cdb69e7c97c5e675d3614c2cffec,2016-01-01,2026-08-05,2021-03-08,2026-08-05,1516.0,1093.0,1083.0,10.0,472362.9476,-334376.1475,137986.8001,47.0855,
LEGACY49_O30_X40,LEGACY_OX_THRESHOLD_SWEEP_2026_08_07,LEGACY_AGGREGATE_THRESHOLD,AGGREGATE_THRESHOLD_COMBINATION,30,40,48.0,COMPLETED,OPPORTUNITY_SCAN,NOT_RANKABLE,OIIS_49_FACTOR_ANALYSIS_BUNDLE_LITE_2026-08-07 (1).zip,,035a34e0f0ef3acace291b020ca5b7f7074ce50ca088c53b43a22f9837fbe2ab,10ad9f11820d8bb2c9225b7a0627e48f98d7cdb69e7c97c5e675d3614c2cffec,2016-01-01,2026-08-05,2021-03-08,2026-08-05,1516.0,1093.0,1083.0,10.0,472362.9476,-334376.1475,137986.8001,47.0855,
LEGACY49_O30_X50,LEGACY_OX_THRESHOLD_SWEEP_2026_08_07,LEGACY_AGGREGATE_THRESHOLD,AGGREGATE_THRESHOLD_COMBINATION,30,50,58.0,COMPLETED,OPPORTUNITY_SCAN,NOT_RANKABLE,OIIS_49_FACTOR_ANALYSIS_BUNDLE_LITE_2026-08-07 (1).zip,,035a34e0f0ef3acace291b020ca5b7f7074ce50ca088c53b43a22f9837fbe2ab,10ad9f11820d8bb2c9225b7a0627e48f98d7cdb69e7c97c5e675d3614c2cffec,2016-01-01,2026-08-05,2021-03-08,2026-08-05,1516.0,1093.0,1083.0,10.0,472362.9476,-334376.1475,137986.8001,47.0855,
LEGACY49_O20_X20,LEGACY_OX_THRESHOLD_SWEEP_2026_08_07,LEGACY_AGGREGATE_THRESHOLD,AGGREGATE_THRESHOLD_COMBINATION,20,20,28.0,COMPLETED,OPPORTUNITY_SCAN,NOT_RANKABLE,OIIS_49_FACTOR_ANALYSIS_BUNDLE_LITE_2026-08-07 (1).zip,,035a34e0f0ef3acace291b020ca5b7f7074ce50ca088c53b43a22f9837fbe2ab,10ad9f11820d8bb2c9225b7a0627e48f98d7cdb69e7c97c5e675d3614c2cffec,2016-01-01,2026-08-05,2021-03-08,2026-08-05,1516.0,1093.0,1083.0,10.0,472362.9476,-334376.1475,137986.8001,47.0855,
LEGACY49_O20_X40,LEGACY_OX_THRESHOLD_SWEEP_2026_08_07,LEGACY_AGGREGATE_THRESHOLD,AGGREGATE_THRESHOLD_COMBINATION,20,40,48.0,COMPLETED,OPPORTUNITY_SCAN,NOT_RANKABLE,OIIS_49_FACTOR_ANALYSIS_BUNDLE_LITE_2026-08-07 (1).zip,,035a34e0f0ef3acace291b020ca5b7f7074ce50ca088c53b43a22f9837fbe2ab,10ad9f11820d8bb2c9225b7a0627e48f98d7cdb69e7c97c5e675d3614c2cffec,2016-01-01,2026-08-05,2021-03-08,2026-08-05,1516.0,1093.0,1083.0,10.0,472362.9476,-334376.1475,137986.8001,47.0855,
LEGACY49_O20_X30,LEGACY_OX_THRESHOLD_SWEEP_2026_08_07,LEGACY_AGGREGATE_THRESHOLD,AGGREGATE_THRESHOLD_COMBINATION,20,30,38.0,COMPLETED,OPPORTUNITY_SCAN,NOT_RANKABLE,OIIS_49_FACTOR_ANALYSIS_BUNDLE_LITE_2026-08-07 (1).zip,,035a34e0f0ef3acace291b020ca5b7f7074ce50ca088c53b43a22f9837fbe2ab,10ad9f11820d8bb2c9225b7a0627e48f98d7cdb69e7c97c5e675d3614c2cffec,2016-01-01,2026-08-05,2021-03-08,2026-08-05,1516.0,1093.0,1083.0,10.0,472362.9476,-334376.1475,137986.8001,47.0855,
LEGACY49_O40_X50,LEGACY_OX_THRESHOLD_SWEEP_2026_08_07,LEGACY_AGGREGATE_THRESHOLD,AGGREGATE_THRESHOLD_COMBINATION,40,50,58.0,COMPLETED,OPPORTUNITY_SCAN,NOT_RANKABLE,OIIS_49_FACTOR_ANALYSIS_BUNDLE_LITE_2026-08-07 (1).zip,,035a34e0f0ef3acace291b020ca5b7f7074ce50ca088c53b43a22f9837fbe2ab,10ad9f11820d8bb2c9225b7a0627e48f98d7cdb69e7c97c5e675d3614c2cffec,2016-01-01,2026-08-05,2021-03-08,2026-08-05,1516.0,1093.0,1083.0,10.0,472362.9476,-334376.1475,137986.8001,47.0855,
LEGACY49_O40_X30,LEGACY_OX_THRESHOLD_SWEEP_2026_08_07,LEGACY_AGGREGATE_THRESHOLD,AGGREGATE_THRESHOLD_COMBINATION,40,30,38.0,COMPLETED,OPPORTUNITY_SCAN,NOT_RANKABLE,OIIS_49_FACTOR_ANALYSIS_BUNDLE_LITE_2026-08-07 (1).zip,,035a34e0f0ef3acace291b020ca5b7f7074ce50ca088c53b43a22f9837fbe2ab,10ad9f11820d8bb2c9225b7a0627e48f98d7cdb69e7c97c5e675d3614c2cffec,2016-01-01,2026-08-05,2021-03-08,2026-08-05,1516.0,1093.0,1083.0,10.0,472362.9476,-334376.1475,137986.8001,47.0855,
LEGACY49_O40_X40,LEGACY_OX_THRESHOLD_SWEEP_2026_08_07,LEGACY_AGGREGATE_THRESHOLD,AGGREGATE_THRESHOLD_COMBINATION,40,40,48.0,COMPLETED,OPPORTUNITY_SCAN,NOT_RANKABLE,OIIS_49_FACTOR_ANALYSIS_BUNDLE_LITE_2026-08-07 (1).zip,,035a34e0f0ef3acace291b020ca5b7f7074ce50ca088c53b43a22f9837fbe2ab,10ad9f11820d8bb2c9225b7a0627e48f98d7cdb69e7c97c5e675d3614c2cffec,2016-01-01,2026-08-05,2021-03-08,2026-08-05,1516.0,1093.0,1083.0,10.0,472362.9476,-334376.1475,137986.8001,47.0855,
LEGACY49_O40_X20,LEGACY_OX_THRESHOLD_SWEEP_2026_08_07,LEGACY_AGGREGATE_THRESHOLD,AGGREGATE_THRESHOLD_COMBINATION,40,20,28.0,COMPLETED,OPPORTUNITY_SCAN,NOT_RANKABLE,OIIS_49_FACTOR_ANALYSIS_BUNDLE_LITE_2026-08-07 (1).zip,,035a34e0f0ef3acace291b020ca5b7f7074ce50ca088c53b43a22f9837fbe2ab,10ad9f11820d8bb2c9225b7a0627e48f98d7cdb69e7c97c5e675d3614c2cffec,2016-01-01,2026-08-05,2021-03-08,2026-08-05,1516.0,1093.0,1083.0,10.0,472362.9476,-334376.1475,137986.8001,47.0855,
LEGACY49_O50_X40,LEGACY_OX_THRESHOLD_SWEEP_2026_08_07,LEGACY_AGGREGATE_THRESHOLD,AGGREGATE_THRESHOLD_COMBINATION,50,40,48.0,COMPLETED,OPPORTUNITY_SCAN,NOT_RANKABLE,OIIS_49_FACTOR_ANALYSIS_BUNDLE_LITE_2026-08-07 (1).zip,,035a34e0f0ef3acace291b020ca5b7f7074ce50ca088c53b43a22f9837fbe2ab,10ad9f11820d8bb2c9225b7a0627e48f98d7cdb69e7c97c5e675d3614c2cffec,2016-01-01,2026-08-05,2021-03-08,2026-08-05,1492.0,1082.0,1072.0,10.0,469891.6739,-334376.1475,135515.5264,47.0449,
LEGACY49_O50_X30,LEGACY_OX_THRESHOLD_SWEEP_2026_08_07,LEGACY_AGGREGATE_THRESHOLD,AGGREGATE_THRESHOLD_COMBINATION,50,30,38.0,COMPLETED,OPPORTUNITY_SCAN,NOT_RANKABLE,OIIS_49_FACTOR_ANALYSIS_BUNDLE_LITE_2026-08-07 (1).zip,,035a34e0f0ef3acace291b020ca5b7f7074ce50ca088c53b43a22f9837fbe2ab,10ad9f11820d8bb2c9225b7a0627e48f98d7cdb69e7c97c5e675d3614c2cffec,2016-01-01,2026-08-05,2021-03-08,2026-08-05,1492.0,1082.0,1072.0,10.0,469891.6739,-334376.1475,135515.5264,47.0449,
LEGACY49_O50_X20,LEGACY_OX_THRESHOLD_SWEEP_2026_08_07,LEGACY_AGGREGATE_THRESHOLD,AGGREGATE_THRESHOLD_COMBINATION,50,20,28.0,COMPLETED,OPPORTUNITY_SCAN,NOT_RANKABLE,OIIS_49_FACTOR_ANALYSIS_BUNDLE_LITE_2026-08-07 (1).zip,,035a34e0f0ef3acace291b020ca5b7f7074ce50ca088c53b43a22f9837fbe2ab,10ad9f11820d8bb2c9225b7a0627e48f98d7cdb69e7c97c5e675d3614c2cffec,2016-01-01,2026-08-05,2021-03-08,2026-08-05,1492.0,1082.0,1072.0,10.0,469891.6739,-334376.1475,135515.5264,47.0449,
LEGACY49_O50_X50,LEGACY_OX_THRESHOLD_SWEEP_2026_08_07,LEGACY_AGGREGATE_THRESHOLD,AGGREGATE_THRESHOLD_COMBINATION,50,50,58.0,COMPLETED,OPPORTUNITY_SCAN,NOT_RANKABLE,OIIS_49_FACTOR_ANALYSIS_BUNDLE_LITE_2026-08-07 (1).zip,,035a34e0f0ef3acace291b020ca5b7f7074ce50ca088c53b43a22f9837fbe2ab,10ad9f11820d8bb2c9225b7a0627e48f98d7cdb69e7c97c5e675d3614c2cffec,2016-01-01,2026-08-05,2021-03-08,2026-08-05,1492.0,1082.0,1072.0,10.0,469891.6739,-334376.1475,135515.5264,47.0449,
LEGACY49_O20_X60,LEGACY_OX_THRESHOLD_SWEEP_2026_08_07,LEGACY_AGGREGATE_THRESHOLD,AGGREGATE_THRESHOLD_COMBINATION,20,60,68.0,COMPLETED,OPPORTUNITY_SCAN,NOT_RANKABLE,OIIS_49_FACTOR_ANALYSIS_BUNDLE_LITE_2026-08-07 (1).zip,,035a34e0f0ef3acace291b020ca5b7f7074ce50ca088c53b43a22f9837fbe2ab,10ad9f11820d8bb2c9225b7a0627e48f98d7cdb69e7c97c5e675d3614c2cffec,2016-01-01,2026-08-05,2021-03-08,2026-08-05,1482.0,1071.0,1061.0,10.0,461172.5984,-334376.1475,126796.4509,46.8157,
LEGACY49_O30_X60,LEGACY_OX_THRESHOLD_SWEEP_2026_08_07,LEGACY_AGGREGATE_THRESHOLD,AGGREGATE_THRESHOLD_COMBINATION,30,60,68.0,COMPLETED,OPPORTUNITY_SCAN,NOT_RANKABLE,OIIS_49_FACTOR_ANALYSIS_BUNDLE_LITE_2026-08-07 (1).zip,,035a34e0f0ef3acace291b020ca5b7f7074ce50ca088c53b43a22f9837fbe2ab,10ad9f11820d8bb2c9225b7a0627e48f98d7cdb69e7c97c5e675d3614c2cffec,2016-01-01,2026-08-05,2021-03-08,2026-08-05,1482.0,1071.0,1061.0,10.0,461172.5984,-334376.1475,126796.4509,46.8157,
LEGACY49_O40_X60,LEGACY_OX_THRESHOLD_SWEEP_2026_08_07,LEGACY_AGGREGATE_THRESHOLD,AGGREGATE_THRESHOLD_COMBINATION,40,60,68.0,COMPLETED,OPPORTUNITY_SCAN,NOT_RANKABLE,OIIS_49_FACTOR_ANALYSIS_BUNDLE_LITE_2026-08-07 (1).zip,,035a34e0f0ef3acace291b020ca5b7f7074ce50ca088c53b43a22f9837fbe2ab,10ad9f11820d8bb2c9225b7a0627e48f98d7cdb69e7c97c5e675d3614c2cffec,2016-01-01,2026-08-05,2021-03-08,2026-08-05,1482.0,1071.0,1061.0,10.0,461172.5984,-334376.1475,126796.4509,46.8157,
LEGACY49_O50_X60,LEGACY_OX_THRESHOLD_SWEEP_2026_08_07,LEGACY_AGGREGATE_THRESHOLD,AGGREGATE_THRESHOLD_COMBINATION,50,60,68.0,COMPLETED,OPPORTUNITY_SCAN,NOT_RANKABLE,OIIS_49_FACTOR_ANALYSIS_BUNDLE_LITE_2026-08-07 (1).zip,,035a34e0f0ef3acace291b020ca5b7f7074ce50ca088c53b43a22f9837fbe2ab,10ad9f11820d8bb2c9225b7a0627e48f98d7cdb69e7c97c5e675d3614c2cffec,2016-01-01,2026-08-05,2021-03-08,2026-08-05,1458.0,1059.0,1049.0,10.0,458420.6079,-334376.1475,124044.4604,47.0365,
LEGACY49_O20_X70,LEGACY_OX_THRESHOLD_SWEEP_2026_08_07,LEGACY_AGGREGATE_THRESHOLD,AGGREGATE_THRESHOLD_COMBINATION,20,70,78.0,COMPLETED,OPPORTUNITY_SCAN,NOT_RANKABLE,OIIS_49_FACTOR_ANALYSIS_BUNDLE_LITE_2026-08-07 (1).zip,,035a34e0f0ef3acace291b020ca5b7f7074ce50ca088c53b43a22f9837fbe2ab,10ad9f11820d8bb2c9225b7a0627e48f98d7cdb69e7c97c5e675d3614c2cffec,2016-01-01,2026-08-05,2021-03-08,2026-08-05,1267.0,919.0,909.0,10.0,392365.1523,-334376.1475,57989.0048,48.4852,
LEGACY49_O30_X70,LEGACY_OX_THRESHOLD_SWEEP_2026_08_07,LEGACY_AGGREGATE_THRESHOLD,AGGREGATE_THRESHOLD_COMBINATION,30,70,78.0,COMPLETED,OPPORTUNITY_SCAN,NOT_RANKABLE,OIIS_49_FACTOR_ANALYSIS_BUNDLE_LITE_2026-08-07 (1).zip,,035a34e0f0ef3acace291b020ca5b7f7074ce50ca088c53b43a22f9837fbe2ab,10ad9f11820d8bb2c9225b7a0627e48f98d7cdb69e7c97c5e675d3614c2cffec,2016-01-01,2026-08-05,2021-03-08,2026-08-05,1267.0,919.0,909.0,10.0,392365.1523,-334376.1475,57989.0048,48.4852,
LEGACY49_O40_X70,LEGACY_OX_THRESHOLD_SWEEP_2026_08_07,LEGACY_AGGREGATE_THRESHOLD,AGGREGATE_THRESHOLD_COMBINATION,40,70,78.0,COMPLETED,OPPORTUNITY_SCAN,NOT_RANKABLE,OIIS_49_FACTOR_ANALYSIS_BUNDLE_LITE_2026-08-07 (1).zip,,035a34e0f0ef3acace291b020ca5b7f7074ce50ca088c53b43a22f9837fbe2ab,10ad9f11820d8bb2c9225b7a0627e48f98d7cdb69e7c97c5e675d3614c2cffec,2016-01-01,2026-08-05,2021-03-08,2026-08-05,1267.0,919.0,909.0,10.0,392365.1523,-334376.1475,57989.0048,48.4852,
LEGACY49_O50_X70,LEGACY_OX_THRESHOLD_SWEEP_2026_08_07,LEGACY_AGGREGATE_THRESHOLD,AGGREGATE_THRESHOLD_COMBINATION,50,70,78.0,COMPLETED,OPPORTUNITY_SCAN,NOT_RANKABLE,OIIS_49_FACTOR_ANALYSIS_BUNDLE_LITE_2026-08-07 (1).zip,,035a34e0f0ef3acace291b020ca5b7f7074ce50ca088c53b43a22f9837fbe2ab,10ad9f11820d8bb2c9225b7a0627e48f98d7cdb69e7c97c5e675d3614c2cffec,2016-01-01,2026-08-05,2021-03-08,2026-08-05,1244.0,908.0,898.0,10.0,388466.9889,-334376.1475,54090.8414,48.3882,
LEGACY49_O60_X30,LEGACY_OX_THRESHOLD_SWEEP_2026_08_07,LEGACY_AGGREGATE_THRESHOLD,AGGREGATE_THRESHOLD_COMBINATION,60,30,38.0,COMPLETED,OPPORTUNITY_SCAN,NOT_RANKABLE,OIIS_49_FACTOR_ANALYSIS_BUNDLE_LITE_2026-08-07 (1).zip,,a91a9848b7a577fe32286d7502a7ce69ad56c393bc0afdbc9e6a62bb72a7251d,10ad9f11820d8bb2c9225b7a0627e48f98d7cdb69e7c97c5e675d3614c2cffec,2016-01-01,2026-08-05,2021-03-08,2026-08-05,972.0,760.0,755.0,5.0,332572.8502,-205625.9256,126946.9246,46.7633,
LEGACY49_O60_X50,LEGACY_OX_THRESHOLD_SWEEP_2026_08_07,LEGACY_AGGREGATE_THRESHOLD,AGGREGATE_THRESHOLD_COMBINATION,60,50,58.0,COMPLETED,OPPORTUNITY_SCAN,NOT_RANKABLE,OIIS_49_FACTOR_ANALYSIS_BUNDLE_LITE_2026-08-07 (1).zip,,a91a9848b7a577fe32286d7502a7ce69ad56c393bc0afdbc9e6a62bb72a7251d,10ad9f11820d8bb2c9225b7a0627e48f98d7cdb69e7c97c5e675d3614c2cffec,2016-01-01,2026-08-05,2021-03-08,2026-08-05,972.0,760.0,755.0,5.0,332572.8502,-205625.9256,126946.9246,46.7633,
LEGACY49_O60_X40,LEGACY_OX_THRESHOLD_SWEEP_2026_08_07,LEGACY_AGGREGATE_THRESHOLD,AGGREGATE_THRESHOLD_COMBINATION,60,40,48.0,COMPLETED,OPPORTUNITY_SCAN,NOT_RANKABLE,OIIS_49_FACTOR_ANALYSIS_BUNDLE_LITE_2026-08-07 (1).zip,,a91a9848b7a577fe32286d7502a7ce69ad56c393bc0afdbc9e6a62bb72a7251d,10ad9f11820d8bb2c9225b7a0627e48f98d7cdb69e7c97c5e675d3614c2cffec,2016-01-01,2026-08-05,2021-03-08,2026-08-05,972.0,760.0,755.0,5.0,332572.8502,-205625.9256,126946.9246,46.7633,
LEGACY49_O60_X60,LEGACY_OX_THRESHOLD_SWEEP_2026_08_07,LEGACY_AGGREGATE_THRESHOLD,AGGREGATE_THRESHOLD_COMBINATION,60,60,68.0,COMPLETED,OPPORTUNITY_SCAN,NOT_RANKABLE,OIIS_49_FACTOR_ANALYSIS_BUNDLE_LITE_2026-08-07 (1).zip,,a91a9848b7a577fe32286d7502a7ce69ad56c393bc0afdbc9e6a62bb72a7251d,10ad9f11820d8bb2c9225b7a0627e48f98d7cdb69e7c97c5e675d3614c2cffec,2016-01-01,2026-08-05,2021-03-08,2026-08-05,943.0,738.0,733.0,5.0,322851.0291,-205625.9256,117225.1035,46.7722,
LEGACY49_O60_X70,LEGACY_OX_THRESHOLD_SWEEP_2026_08_07,LEGACY_AGGREGATE_THRESHOLD,AGGREGATE_THRESHOLD_COMBINATION,60,70,78.0,COMPLETED,OPPORTUNITY_SCAN,NOT_RANKABLE,OIIS_49_FACTOR_ANALYSIS_BUNDLE_LITE_2026-08-07 (1).zip,,bbc80aaa63cafabde7de15c825236de45f33d50fffb9de16a2a29c8f966f19df,10ad9f11820d8bb2c9225b7a0627e48f98d7cdb69e7c97c5e675d3614c2cffec,2016-01-01,2026-08-05,2021-03-08,2026-08-05,747.0,586.0,581.0,5.0,250365.8188,-205625.9256,44739.8932,48.8635,
LEGACY49_O20_X80,LEGACY_OX_THRESHOLD_SWEEP_2026_08_07,LEGACY_AGGREGATE_THRESHOLD,AGGREGATE_THRESHOLD_COMBINATION,20,80,88.0,COMPLETED,OPPORTUNITY_SCAN,NOT_RANKABLE,OIIS_49_FACTOR_ANALYSIS_BUNDLE_LITE_2026-08-07 (1).zip,,a91a9848b7a577fe32286d7502a7ce69ad56c393bc0afdbc9e6a62bb72a7251d,10ad9f11820d8bb2c9225b7a0627e48f98d7cdb69e7c97c5e675d3614c2cffec,2016-01-01,2026-08-05,2021-03-08,2026-08-05,641.0,482.0,479.0,3.0,209299.5357,-200456.1648,8843.3709,48.9488,
LEGACY49_O30_X80,LEGACY_OX_THRESHOLD_SWEEP_2026_08_07,LEGACY_AGGREGATE_THRESHOLD,AGGREGATE_THRESHOLD_COMBINATION,30,80,88.0,COMPLETED,OPPORTUNITY_SCAN,NOT_RANKABLE,OIIS_49_FACTOR_ANALYSIS_BUNDLE_LITE_2026-08-07 (1).zip,,a91a9848b7a577fe32286d7502a7ce69ad56c393bc0afdbc9e6a62bb72a7251d,10ad9f11820d8bb2c9225b7a0627e48f98d7cdb69e7c97c5e675d3614c2cffec,2016-01-01,2026-08-05,2021-03-08,2026-08-05,641.0,482.0,479.0,3.0,209299.5357,-200456.1648,8843.3709,48.9488,
LEGACY49_O40_X80,LEGACY_OX_THRESHOLD_SWEEP_2026_08_07,LEGACY_AGGREGATE_THRESHOLD,AGGREGATE_THRESHOLD_COMBINATION,40,80,88.0,COMPLETED,OPPORTUNITY_SCAN,NOT_RANKABLE,OIIS_49_FACTOR_ANALYSIS_BUNDLE_LITE_2026-08-07 (1).zip,,a91a9848b7a577fe32286d7502a7ce69ad56c393bc0afdbc9e6a62bb72a7251d,10ad9f11820d8bb2c9225b7a0627e48f98d7cdb69e7c97c5e675d3614c2cffec,2016-01-01,2026-08-05,2021-03-08,2026-08-05,641.0,482.0,479.0,3.0,209299.5357,-200456.1648,8843.3709,48.9488,
LEGACY49_O50_X80,LEGACY_OX_THRESHOLD_SWEEP_2026_08_07,LEGACY_AGGREGATE_THRESHOLD,AGGREGATE_THRESHOLD_COMBINATION,50,80,88.0,COMPLETED,OPPORTUNITY_SCAN,NOT_RANKABLE,OIIS_49_FACTOR_ANALYSIS_BUNDLE_LITE_2026-08-07 (1).zip,,a91a9848b7a577fe32286d7502a7ce69ad56c393bc0afdbc9e6a62bb72a7251d,10ad9f11820d8bb2c9225b7a0627e48f98d7cdb69e7c97c5e675d3614c2cffec,2016-01-01,2026-08-05,2021-03-08,2026-08-05,639.0,480.0,477.0,3.0,208713.4145,-200456.1648,8257.2497,48.9866,
LEGACY49_O60_X80,LEGACY_OX_THRESHOLD_SWEEP_2026_08_07,LEGACY_AGGREGATE_THRESHOLD,AGGREGATE_THRESHOLD_COMBINATION,60,80,88.0,COMPLETED,OPPORTUNITY_SCAN,NOT_RANKABLE,OIIS_49_FACTOR_ANALYSIS_BUNDLE_LITE_2026-08-07 (1).zip,,88015ffa01e17e64873a347dcfe4d29230421dfd4ee8fc8f17d677585ea25ad9,10ad9f11820d8bb2c9225b7a0627e48f98d7cdb69e7c97c5e675d3614c2cffec,2016-01-01,2026-08-05,2021-03-08,2026-08-05,389.0,310.0,308.0,2.0,139506.7333,-180078.2748,-40571.5415,48.1651,
LEGACY49_O70_X30,LEGACY_OX_THRESHOLD_SWEEP_2026_08_07,LEGACY_AGGREGATE_THRESHOLD,AGGREGATE_THRESHOLD_COMBINATION,70,30,38.0,COMPLETED,OPPORTUNITY_SCAN,NOT_RANKABLE,OIIS_49_FACTOR_ANALYSIS_BUNDLE_LITE_2026-08-07 (1).zip,,3d976261db3d8d0ad4a899218b3c7b31dc825e38fc0f7f53f0dadd9caf2dcb11,10ad9f11820d8bb2c9225b7a0627e48f98d7cdb69e7c97c5e675d3614c2cffec,2016-01-01,2026-08-05,2021-03-08,2026-08-05,278.0,231.0,231.0,0.0,102823.896,0.0,102823.896,47.7186,
LEGACY49_O70_X20,LEGACY_OX_THRESHOLD_SWEEP_2026_08_07,LEGACY_AGGREGATE_THRESHOLD,AGGREGATE_THRESHOLD_COMBINATION,70,20,28.0,COMPLETED,OPPORTUNITY_SCAN,NOT_RANKABLE,OIIS_49_FACTOR_ANALYSIS_BUNDLE_LITE_2026-08-07 (1).zip,,3d976261db3d8d0ad4a899218b3c7b31dc825e38fc0f7f53f0dadd9caf2dcb11,10ad9f11820d8bb2c9225b7a0627e48f98d7cdb69e7c97c5e675d3614c2cffec,2016-01-01,2026-08-05,2021-03-08,2026-08-05,278.0,231.0,231.0,0.0,102823.896,0.0,102823.896,47.7186,
LEGACY49_O70_X40,LEGACY_OX_THRESHOLD_SWEEP_2026_08_07,LEGACY_AGGREGATE_THRESHOLD,AGGREGATE_THRESHOLD_COMBINATION,70,40,48.0,COMPLETED,OPPORTUNITY_SCAN,NOT_RANKABLE,OIIS_49_FACTOR_ANALYSIS_BUNDLE_LITE_2026-08-07 (1).zip,,3d976261db3d8d0ad4a899218b3c7b31dc825e38fc0f7f53f0dadd9caf2dcb11,10ad9f11820d8bb2c9225b7a0627e48f98d7cdb69e7c97c5e675d3614c2cffec,2016-01-01,2026-08-05,2021-03-08,2026-08-05,278.0,231.0,231.0,0.0,102823.896,0.0,102823.896,47.7186,
LEGACY49_O70_X50,LEGACY_OX_THRESHOLD_SWEEP_2026_08_07,LEGACY_AGGREGATE_THRESHOLD,AGGREGATE_THRESHOLD_COMBINATION,70,50,58.0,COMPLETED,OPPORTUNITY_SCAN,NOT_RANKABLE,OIIS_49_FACTOR_ANALYSIS_BUNDLE_LITE_2026-08-07 (1).zip,,3d976261db3d8d0ad4a899218b3c7b31dc825e38fc0f7f53f0dadd9caf2dcb11,10ad9f11820d8bb2c9225b7a0627e48f98d7cdb69e7c97c5e675d3614c2cffec,2016-01-01,2026-08-05,2021-03-08,2026-08-05,278.0,231.0,231.0,0.0,102823.896,0.0,102823.896,47.7186,
LEGACY49_O70_X60,LEGACY_OX_THRESHOLD_SWEEP_2026_08_07,LEGACY_AGGREGATE_THRESHOLD,AGGREGATE_THRESHOLD_COMBINATION,70,60,68.0,COMPLETED,OPPORTUNITY_SCAN,NOT_RANKABLE,OIIS_49_FACTOR_ANALYSIS_BUNDLE_LITE_2026-08-07 (1).zip,,8eb205e4481bc95dc1c0a972e5a677335b08a8ef2edd8d94b0e2d503e92b4c11,10ad9f11820d8bb2c9225b7a0627e48f98d7cdb69e7c97c5e675d3614c2cffec,2016-01-01,2026-08-05,2021-03-08,2026-08-05,265.0,220.0,220.0,0.0,98252.8158,0.0,98252.8158,47.6428,
LEGACY49_O70_X70,LEGACY_OX_THRESHOLD_SWEEP_2026_08_07,LEGACY_AGGREGATE_THRESHOLD,AGGREGATE_THRESHOLD_COMBINATION,70,70,78.0,COMPLETED,OPPORTUNITY_SCAN,NOT_RANKABLE,OIIS_49_FACTOR_ANALYSIS_BUNDLE_LITE_2026-08-07 (1).zip,,64f763a87b614af27382b99faab103b89cbead939631a63409d81da720f12f71,10ad9f11820d8bb2c9225b7a0627e48f98d7cdb69e7c97c5e675d3614c2cffec,2016-01-01,2026-08-05,2021-03-08,2026-08-05,160.0,137.0,137.0,0.0,60905.0931,0.0,60905.0931,52.9547,
LEGACY49_O60_X20,LEGACY_OX_THRESHOLD_SWEEP_2026_08_07,LEGACY_AGGREGATE_THRESHOLD,AGGREGATE_THRESHOLD_COMBINATION,60,20,,FAILED,OPPORTUNITY_SCAN,NOT_RANKABLE,OIIS_49_FACTOR_ANALYSIS_BUNDLE_LITE_2026-08-07 (1).zip,,,,,,,,,,,,,,,,POSTGRES_DDL_DEADLOCK
LEGACY49_O70_X80,LEGACY_OX_THRESHOLD_SWEEP_2026_08_07,LEGACY_AGGREGATE_THRESHOLD,AGGREGATE_THRESHOLD_COMBINATION,70,80,,FAILED,OPPORTUNITY_SCAN,NOT_RANKABLE,OIIS_49_FACTOR_ANALYSIS_BUNDLE_LITE_2026-08-07 (1).zip,,,,,,,,,,,,,,,,POSTGRES_DDL_DEADLOCK
LEGACY49_O80_X20,LEGACY_OX_THRESHOLD_SWEEP_2026_08_07,LEGACY_AGGREGATE_THRESHOLD,AGGREGATE_THRESHOLD_COMBINATION,80,20,,FAILED,OPPORTUNITY_SCAN,NOT_RANKABLE,OIIS_49_FACTOR_ANALYSIS_BUNDLE_LITE_2026-08-07 (1).zip,,,,,,,,,,,,,,,,POSTGRES_DDL_DEADLOCK
LEGACY49_O80_X30,LEGACY_OX_THRESHOLD_SWEEP_2026_08_07,LEGACY_AGGREGATE_THRESHOLD,AGGREGATE_THRESHOLD_COMBINATION,80,30,,FAILED,OPPORTUNITY_SCAN,NOT_RANKABLE,OIIS_49_FACTOR_ANALYSIS_BUNDLE_LITE_2026-08-07 (1).zip,,,,,,,,,,,,,,,,POSTGRES_DDL_DEADLOCK
LEGACY49_O80_X40,LEGACY_OX_THRESHOLD_SWEEP_2026_08_07,LEGACY_AGGREGATE_THRESHOLD,AGGREGATE_THRESHOLD_COMBINATION,80,40,,FAILED,OPPORTUNITY_SCAN,NOT_RANKABLE,OIIS_49_FACTOR_ANALYSIS_BUNDLE_LITE_2026-08-07 (1).zip,,,,,,,,,,,,,,,,POSTGRES_DDL_DEADLOCK
LEGACY49_O80_X50,LEGACY_OX_THRESHOLD_SWEEP_2026_08_07,LEGACY_AGGREGATE_THRESHOLD,AGGREGATE_THRESHOLD_COMBINATION,80,50,,FAILED,OPPORTUNITY_SCAN,NOT_RANKABLE,OIIS_49_FACTOR_ANALYSIS_BUNDLE_LITE_2026-08-07 (1).zip,,,,,,,,,,,,,,,,POSTGRES_DDL_DEADLOCK
LEGACY49_O80_X60,LEGACY_OX_THRESHOLD_SWEEP_2026_08_07,LEGACY_AGGREGATE_THRESHOLD,AGGREGATE_THRESHOLD_COMBINATION,80,60,,FAILED,OPPORTUNITY_SCAN,NOT_RANKABLE,OIIS_49_FACTOR_ANALYSIS_BUNDLE_LITE_2026-08-07 (1).zip,,,,,,,,,,,,,,,,POSTGRES_DDL_DEADLOCK
LEGACY49_O80_X70,LEGACY_OX_THRESHOLD_SWEEP_2026_08_07,LEGACY_AGGREGATE_THRESHOLD,AGGREGATE_THRESHOLD_COMBINATION,80,70,,FAILED,OPPORTUNITY_SCAN,NOT_RANKABLE,OIIS_49_FACTOR_ANALYSIS_BUNDLE_LITE_2026-08-07 (1).zip,,,,,,,,,,,,,,,,POSTGRES_DDL_DEADLOCK
LEGACY49_O80_X80,LEGACY_OX_THRESHOLD_SWEEP_2026_08_07,LEGACY_AGGREGATE_THRESHOLD,AGGREGATE_THRESHOLD_COMBINATION,80,80,,FAILED,OPPORTUNITY_SCAN,NOT_RANKABLE,OIIS_49_FACTOR_ANALYSIS_BUNDLE_LITE_2026-08-07 (1).zip,,,,,,,,,,,,,,,,POSTGRES_DDL_DEADLOCK
MINUTE_O45_X84,OIIS_MINUTE_PROFILE_REVIEW_2026_08_08,MINUTE_THRESHOLD_PROFILE,AGGREGATE_THRESHOLD_PROFILE,45,84,84.0,SUCCEEDED,THRESHOLD_SENSITIVITY_RESEARCH,NOT_RANKABLE,OIIS_MINUTE_PROFILE_REVIEW_LITE_2026-08-08.zip,,,,,,,,2125.0,2017.0,2004.0,0.0,879155.2144,-655263.1902,223892.0242000001,,
MINUTE_O60_X60,OIIS_MINUTE_PROFILE_REVIEW_2026_08_08,MINUTE_THRESHOLD_PROFILE,AGGREGATE_THRESHOLD_PROFILE,60,60,60.0,SUCCEEDED,THRESHOLD_SENSITIVITY_RESEARCH,NOT_RANKABLE,OIIS_MINUTE_PROFILE_REVIEW_LITE_2026-08-08.zip,,,,,,,,8827.0,7998.0,7948.0,0.0,3676335.659,-2362493.7476999997,1313841.9113000003,,
MINUTE_O74_X74,OIIS_MINUTE_PROFILE_REVIEW_2026_08_08,MINUTE_THRESHOLD_PROFILE,AGGREGATE_THRESHOLD_PROFILE,74,74,74.0,SUCCEEDED,THRESHOLD_SENSITIVITY_RESEARCH,NOT_RANKABLE,OIIS_MINUTE_PROFILE_REVIEW_LITE_2026-08-08.zip,,,,,,,,405.0,398.0,393.0,0.0,185035.6957,-344618.4759,-159582.7802,,
MINUTE_O84_X84,OIIS_MINUTE_PROFILE_REVIEW_2026_08_08,MINUTE_THRESHOLD_PROFILE,AGGREGATE_THRESHOLD_PROFILE,84,84,84.0,SUCCEEDED,THRESHOLD_SENSITIVITY_RESEARCH,NOT_RANKABLE,OIIS_MINUTE_PROFILE_REVIEW_LITE_2026-08-08.zip,,,,,,,,0.0,,,0.0,,,,,
